date, pm25, pm10, no2, so2, co
2024/12/1, 69, 39, 21, 5, 
2024/12/2, 95, 45, 20, 6, 
2024/12/3, 108, 51, 20, 5, 
2024/12/4, 126, 33, 25, , 
2024/12/5, 72, 40, 30, , 
2024/12/6, 90, , , , 
2024/11/1, 76, 27, 9, 3, 
2024/11/2, 72, 19, 13, 2, 
2024/11/3, 54, 38, 22, 3, 
2024/11/4, 88, 43, 22, 3, 
2024/11/5, 95, 56, 23, 4, 
2024/11/6, 139, 64, 21, 4, 
2024/11/7, 149, 51, 20, 4, 
2024/11/8, 132, 54, 18, 4, 
2024/11/9, 142, 44, 12, 5, 
2024/11/10, 116, 43, 16, 5, 
2024/11/11, 108, 38, 13, 8, 
2024/11/12, 95, 29, 14, 9, 
2024/11/13, 77, 23, 13, 11, 
2024/11/14, 57, 33, 17, 8, 
2024/11/15, 80, 41, 24, 7, 
2024/11/16, 97, 51, 18, 5, 
2024/11/17, 133, 42, 11, 3, 
2024/11/18, 108, 55, 16, 3, 
2024/11/19, 137, 22, 18, 4, 
2024/11/20, 62, 21, 18, 4, 
2024/11/21, 57, 12, 16, 4, 
2024/11/22, 41, 23, 17, 4, 
2024/11/23, 69, 13, 13, 3, 
2024/11/24, 42, 12, 9, 4, 
2024/11/25, 37, 18, , 3, 
2024/11/26, 48, 14, , 4, 
2024/11/27, 47, 26, , 4, 
2024/11/28, 72, 27, , 4, 
2024/11/29, 67, 16, , 4, 
2024/11/30, 50, 24, , 4, 
2024/10/1, 44, 18, 20, 3, 
2024/10/2, 49, 6, 15, 3, 
2024/10/3, 18, 9, 15, 3, 
2024/10/4, 22, 16, 10, 3, 
2024/10/5, 46, 13, 10, 2, 
2024/10/6, 36, 12, 7, 2, 
2024/10/7, 29, 14, 17, 2, 
2024/10/8, 24, 10, 10, 3, 
2024/10/9, 20, 10, 10, 2, 
2024/10/10, 18, 8, 13, 2, 
2024/10/11, 16, 11, 16, 2, 
2024/10/12, 25, 15, 10, 3, 
2024/10/13, 39, 19, 15, 2, 
2024/10/14, 39, 23, 13, 3, 
2024/10/15, 51, 20, 13, 2, 
2024/10/16, 42, 28, 16, 2, 
2024/10/17, 73, 39, 13, 2, 
2024/10/18, 89, 32, 15, 4, 
2024/10/19, 66, 27, 17, 3, 
2024/10/20, 59, 42, 20, 3, 
2024/10/21, 88, 49, 21, 3, 
2024/10/22, 104, 50, 18, 3, 
2024/10/23, 102, 36, 15, 3, 
2024/10/24, 81, 35, 14, 3, 
2024/10/25, 83, 29, 9, 3, 
2024/10/26, 70, 28, 10, 3, 
2024/10/27, 64, 38, 13, 2, 
2024/10/28, 79, 40, 19, 3, 
2024/10/29, 83, 40, 20, 3, 
2024/10/30, 89, 46, 19, 5, 
2024/10/31, 107, 28, 15, 3, 
2024/7/1, 31, 11, 11, 1, 
2024/7/2, 20, 16, 15, 2, 
2024/7/3, 31, 17, 16, 1, 
2024/7/4, 38, 13, 15, 1, 
2024/7/5, 26, 13, 10, 2, 
2024/7/6, 28, 15, 12, 2, 
2024/7/7, 35, 23, 16, 3, 
2024/7/8, 50, 26, 17, 2, 
2024/7/9, 51, 34, 23, 3, 
2024/7/10, 55, 32, 20, 3, 
2024/7/11, 58, 30, 16, 2, 
2024/7/12, 59, 26, 13, 2, 
2024/7/13, 49, 20, 10, 2, 
2024/7/14, 41, 21, 16, 2, 
2024/7/15, 41, 23, 18, 2, 
2024/7/16, 40, 18, 11, 2, 
2024/7/17, 29, 16, 12, 2, 
2024/7/18, 27, 23, 16, 2, 
2024/7/19, 44, 14, 8, 2, 
2024/7/20, 41, 13, 6, 2, 
2024/7/21, 37, 21, 15, 2, 
2024/7/22, 50, 16, 12, 2, 
2024/7/23, 36, 13, 12, 2, 
2024/7/24, 27, 15, 15, 2, 
2024/7/25, 29, 18, 15, 2, 
2024/7/26, 36, 18, 14, 2, 
2024/7/27, 33, 18, 10, 2, 
2024/7/28, 39, 11, 10, 1, 
2024/7/29, 22, 16, 15, 2, 
2024/7/30, 31, 22, 17, 2, 
2024/7/31, 38, 25, 17, 3, 
2024/8/1, 45, 14, 9, 2, 
2024/8/2, 26, 10, 7, 2, 
2024/8/3, 25, 13, 9, 2, 
2024/8/4, 36, 12, 6, 2, 
2024/8/5, 33, 12, 9, 2, 
2024/8/6, 24, 19, 13, 3, 
2024/8/7, 37, 10, 11, 2, 
2024/8/8, 24, 11, 14, 2, 
2024/8/9, 22, 13, 12, 2, 
2024/8/10, 27, 14, 14, 2, 
2024/8/11, 31, 18, 18, 2, 
2024/8/12, 34, 21, 18, 3, 
2024/8/13, 42, 22, 16, 3, 
2024/8/14, 51, 18, 10, 3, 
2024/8/15, 50, 20, 15, 2, 
2024/8/16, 48, 23, 12, 3, 
2024/8/17, 51, 21, 7, 2, 
2024/8/18, 47, 16, 7, 3, 
2024/8/19, 34, 17, 13, 2, 
2024/8/20, 39, 22, 14, 3, 
2024/8/21, 50, 19, 17, 2, 
2024/8/22, 36, 24, 22, 2, 
2024/8/23, 44, 24, 18, 3, 
2024/8/24, 49, 18, 11, 2, 
2024/8/25, 42, 18, 12, 3, 
2024/8/26, 32, 18, 14, 2, 
2024/8/27, 36, 26, 17, 3, 
2024/8/28, 51, 34, 25, 3, 
2024/8/29, 60, 34, 27, 3, 
2024/8/30, 59, 31, 21, 2, 
2024/8/31, 57, 28, 17, 3, 
2024/9/1, 56, 37, 26, 3, 
2024/9/2, 59, 41, 29, 3, 
2024/9/3, 64, , 28, 3, 
2024/9/8, 43, 13, 12, 3, 
2024/9/9, 32, 11, 14, 2, 
2024/9/10, 17, 14, 15, 2, 
2024/9/11, 26, 9, 15, 2, 
2024/9/12, 23, 5, 10, 2, 
2024/9/13, 9, 5, 5, 2, 
2024/9/14, 11, 5, 9, 2, 
2024/9/15, 11, 7, 13, 2, 
2024/9/16, 14, 9, 11, 2, 
2024/9/17, 24, 26, 14, 2, 
2024/9/18, 54, 31, 13, 2, 
2024/9/19, 59, 22, 12, 2, 
2024/9/20, 44, 28, 20, 3, 
2024/9/21, 53, 29, 20, 3, 
2024/9/22, 57, 28, 21, 3, 
2024/9/23, 58, 15, 15, 3, 
2024/9/24, 39, 13, 13, 3, 
2024/9/25, 34, 17, 10, 2, 
2024/9/26, 42, 20, 14, 3, 
2024/9/27, 43, 9, 13, 2, 
2024/9/28, 22, 6, 8, 2, 
2024/9/29, 13, 15, 19, 2, 
2024/9/30, 34, 20, 21, 3, 
2024/4/1, 114, 7, 12, 1, 
2024/4/2, 15, 9, 11, 1, 
2024/4/3, 20, 9, 8, 1, 
2024/4/4, 17, 12, 8, 1, 
2024/4/5, 28, 14, 6, 1, 
2024/4/6, 37, 15, 19, 1, 
2024/4/7, 35, 21, 27, 1, 
2024/4/8, 42, 19, 12, 1, 
2024/4/9, 38, 19, 12, 1, 
2024/4/10, 29, 18, 15, 1, 
2024/4/11, 38, 23, 21, , 
2024/4/12, 46, 28, 23, 1, 
2024/4/13, 58, 20, 11, 1, 
2024/4/14, 48, 23, 7, 1, 
2024/4/15, 43, 17, 15, 1, 
2024/4/16, 33, 6, 7, 1, 
2024/4/17, 15, 9, 15, 1, 
2024/4/18, 26, 12, 19, 1, 
2024/4/19, 34, 17, 17, 1, 
2024/4/20, 39, 6, 9, 1, 
2024/4/21, 17, 15, 11, 1, 
2024/4/22, 44, 17, 11, 1, 
2024/4/23, 54, 11, 17, 1, 
2024/4/24, 36, 17, 19, 1, 
2024/4/25, 54, 16, 13, 1, 
2024/4/26, 46, 12, 12, 1, 
2024/4/27, 33, 18, 19, 1, 
2024/4/28, 47, 23, 26, 1, 
2024/4/29, 46, 19, 19, 3, 
2024/4/30, 36, , , , 
2024/5/3, 16, 11, 14, 1, 
2024/5/4, 30, 12, 9, 1, 
2024/5/5, 35, 9, 4, 1, 
2024/5/6, 20, 9, 9, 1, 
2024/5/7, 24, 11, 12, 1, 
2024/5/8, 39, 17, , 1, 
2024/5/9, 41, 16, 23, 1, 
2024/5/10, 36, 15, 16, 1, 
2024/5/11, 37, 14, 17, 1, 
2024/5/12, 40, 16, 19, 2, 
2024/5/13, 42, 12, 21, 1, 
2024/5/14, 35, 16, 18, 1, 
2024/5/15, 50, 15, 13, 2, 
2024/5/16, 40, 15, 8, 1, 
2024/5/17, 40, 10, 12, 1, 
2024/5/18, 24, 14, 11, 1, 
2024/5/19, 37, 36, 16, 1, 
2024/5/20, 70, 20, 17, 1, 
2024/5/21, 52, 10, 16, 2, 
2024/5/22, 25, 10, 14, 1, 
2024/5/23, 27, 12, 15, 1, 
2024/5/24, 27, 13, 14, 2, 
2024/5/25, 38, 12, 9, 1, 
2024/5/26, 39, 18, 18, 1, 
2024/5/27, 43, 20, 22, 1, 
2024/5/28, 51, 10, 12, 6, 
2024/5/29, 22, 10, 8, 2, 
2024/5/30, 26, 9, 11, 1, 
2024/5/31, 29, 7, 7, 2, 
2024/6/1, 18, 9, 9, 1, 
2024/6/2, 23, 8, 13, 2, 
2024/6/3, 24, 9, 14, 1, 
2024/6/4, 20, 12, 11, 2, 
2024/6/5, 27, 16, 15, 1, 
2024/6/6, 37, 20, 19, 2, 
2024/6/7, 43, 19, 12, 2, 
2024/6/8, 48, 23, 7, 2, 
2024/6/9, 53, 19, 10, 1, 
2024/6/10, 44, 11, 15, 2, 
2024/6/11, 27, 9, 11, 2, 
2024/6/12, 18, 14, 15, 2, 
2024/6/13, 32, 14, 13, 2, 
2024/6/14, 33, 14, 8, 2, 
2024/6/15, 32, 12, 11, 2, 
2024/6/16, 29, 16, 15, 2, 
2024/6/17, 37, 22, 16, 1, 
2024/6/18, 46, , 6, 2, 
2024/6/19, 37, 27, 17, 2, 
2024/6/20, 46, 46, 16, 2, 
2024/6/21, 78, 38, 8, 2, 
2024/6/22, 64, 11, 4, 2, 
2024/6/23, 18, 15, 9, 2, 
2024/6/24, 35, 17, 12, 2, 
2024/6/25, 41, 21, 15, 2, 
2024/6/26, 49, 17, 15, 2, 
2024/6/27, 41, 21, 19, 2, 
2024/6/28, 47, 19, 16, 2, 
2024/6/29, 46, 18, 7, 2, 
2024/6/30, 45, 16, 13, 2, 
2024/1/1, 44, 21, 13, , 
2024/1/2, 66, 9, 14, , 
2024/1/3, 28, 17, 19, , 
2024/1/4, 53, 43, 30, , 
2024/1/5, 114, 23, 17, 1, 
2024/1/6, 72, 6, 8, , 
2024/1/7, 26, 16, 10, , 
2024/1/8, 59, 24, 14, , 
2024/1/9, 75, 38, 19, , 
2024/1/10, 106, 53, 24, 1, 
2024/1/11, 137, 49, 25, , 
2024/1/12, 128, 41, 26, , 
2024/1/13, 114, 56, 31, , 
2024/1/14, 149, 40, 27, , 
2024/1/15, 110, 24, 26, , 
2024/1/16, 73, 31, 21, , 
2024/1/17, 94, 17, 24, 1, 
2024/1/18, 55, 17, 24, , 
2024/1/19, 57, 39, 32, , 
2024/1/20, 114, 46, 31, , 
2024/1/21, 128, 57, 35, , 
2024/1/22, 147, 36, 35, , 
2024/1/23, 96, 44, 27, , 
2024/1/24, 118, 31, 28, , 
2024/1/25, 84, 37, 27, , 
2024/1/26, 70, 35, 24, , 
2024/1/27, 76, 39, 25, , 
2024/1/28, 99, 60, 35, , 
2024/1/29, 138, 54, 34, 2, 
2024/1/30, 128, 76, 40, 1, 
2024/1/31, 166, 74, 36, , 
2024/2/1, 163, 56, 29, , 
2024/2/2, 121, 56, 33, , 
2024/2/3, 118, 57, 31, , 
2024/2/4, 136, 31, 19, , 
2024/2/5, 82, 23, 11, , 
2024/2/6, 70, 22, 12, , 
2024/2/7, 60, 17, 9, , 
2024/2/8, 50, 16, 7, 1, 
2024/2/9, 43, 25, 17, 1, 
2024/2/10, 57, 10, 12, 1, 
2024/2/11, 37, 11, 14, , 
2024/2/12, 28, 29, 24, , 
2024/2/13, 62, 31, 27, , 
2024/2/14, 69, 38, 31, , 
2024/2/15, 88, 27, 29, 4, 
2024/2/16, 68, 39, 28, 4, 
2024/2/17, 96, 19, 23, 1, 
2024/2/18, 59, 50, 35, , 
2024/2/19, 117, 33, 25, , 
2024/2/20, 83, 21, 23, , 
2024/2/21, 54, 14, 13, , 
2024/2/22, 40, 13, 18, 1, 
2024/2/23, 31, 14, 14, 1, 
2024/2/24, 30, 21, 25, , 
2024/2/25, 59, 22, 23, 1, 
2024/2/26, 58, 38, 32, , 
2024/2/27, 86, 44, 25, 1, 
2024/2/28, 109, 46, 23, 1, 
2024/2/29, 108, 48, 26, 1, 
2024/3/1, 123, 32, 22, 1, 
2024/3/2, 91, 16, 19, 1, 
2024/3/3, 47, 34, 30, 1, 
2024/3/4, 72, 34, 24, 1, 
2024/3/5, 77, 25, 14, , 
2024/3/6, 71, 23, 13, 1, 
2024/3/7, 66, 30, 21, , 
2024/3/8, 85, 35, 19, 1, 
2024/3/9, 101, 34, 19, 1, 
2024/3/10, 97, 6, 18, 1, 
2024/3/11, 25, 10, 18, 1, 
2024/3/12, 34, 9, 20, 1, 
2024/3/13, 23, 21, 25, 1, 
2024/3/14, 55, 24, 28, 1, 
2024/3/15, 55, 28, 17, , 
2024/3/16, 76, 22, 20, 1, 
2024/3/17, 59, 14, 14, , 
2024/3/18, 41, 21, 13, 1, 
2024/3/19, 62, 32, 25, , 
2024/3/20, 79, 35, 29, 1, 
2024/3/21, 81, 17, 22, , 
2024/3/22, 42, 20, 15, 1, 
2024/3/23, 49, 5, 10, , 
2024/3/24, 13, 13, 19, 1, 
2024/3/25, 35, 20, 29, 1, 
2024/3/26, 47, 31, 24, 1, 
2024/3/27, 71, 6, 5, 1, 
2024/3/28, 12, 16, 11, 1, 
2024/3/29, 33, 32, 16, 1, 
2024/3/30, 59, 68, 12, 1, 
2024/3/31, 97, 82, 7, 1, 
2023/10/1, 59, 18, 21, , 
2023/10/2, 51, 23, 17, , 
2023/10/3, 56, 16, 18, , 
2023/10/4, 37, 18, 23, , 
2023/10/5, 37, 20, 28, , 
2023/10/6, 47, 19, 18, , 
2023/10/7, 51, 14, 8, , 
2023/10/8, 35, 14, 17, , 
2023/10/9, 28, 19, 22, , 
2023/10/10, 45, 25, 26, , 
2023/10/11, 60, 26, 17, , 
2023/10/12, 63, 31, 16, , 
2023/10/13, 71, 31, 12, , 
2023/10/14, 81, , , , 
2023/10/16, 40, 20, 21, 7, 
2023/10/17, 58, 32, 22, 3, 
2023/10/18, 87, 33, 25, 1, 
2023/10/19, 82, 38, 25, 1, 
2023/10/20, 65, 13, 18, 1, 
2023/10/21, 36, 7, 10, 1, 
2023/10/22, 22, 13, 18, , 
2023/10/23, 33, 20, 24, 1, 
2023/10/24, 40, 8, 13, , 
2023/10/25, 22, 8, 13, 1, 
2023/10/26, 19, 6, 18, 1, 
2023/10/27, 21, 10, 18, 1, 
2023/10/28, 29, 10, 10, 1, 
2023/10/29, 32, 13, 21, 1, 
2023/10/30, 32, 8, 18, 1, 
2023/10/31, 25, 15, 14, 1, 
2023/11/1, 50, 15, 22, 1, 
2023/11/2, 37, 8, 18, 1, 
2023/11/3, 23, 11, 19, 2, 
2023/11/4, 37, 6, 9, 1, 
2023/11/5, 20, 15, 23, 2, 
2023/11/6, 36, 13, 21, 2, 
2023/11/7, 45, 14, 21, 4, 
2023/11/8, 40, 21, 16, 5, 
2023/11/9, 61, 18, 27, 8, 
2023/11/10, 60, 10, 14, 9, 
2023/11/11, 35, 29, 18, 11, 
2023/11/12, 87, 25, 18, , 
2023/11/13, 71, 18, 22, , 
2023/11/14, 53, 19, 23, , 
2023/11/15, 55, 40, 26, , 
2023/11/16, 98, 23, 21, , 
2023/11/17, 61, 23, 23, , 
2023/11/18, 66, 27, 19, , 
2023/11/19, 80, 57, 21, , 
2023/11/20, 126, 26, , , 
2023/11/21, 76, 12, , , 
2023/11/22, 44, 28, 20, , 
2023/11/23, 77, 27, 20, , 
2023/11/24, 74, 10, 15, , 
2023/11/25, 36, 23, 21, , 
2023/11/26, 72, 37, 25, , 
2023/11/27, 99, 31, 29, 1, 
2023/11/28, 91, 18, 19, , 
2023/11/29, 58, 34, 23, , 
2023/11/30, 97, 30, 16, , 
2023/12/1, 88, 16, 14, , 
2023/12/2, 60, 23, 18, , 
2023/12/3, 73, 48, 24, , 
2023/12/4, 128, 39, 21, , 
2023/12/5, 114, 27, 17, , 
2023/12/6, 82, 46, 27, , 
2023/12/7, 112, 64, 32, , 
2023/12/8, 152, 35, 17, , 
2023/12/9, 101, 27, 13, , 
2023/12/10, 82, 31, 19, , 
2023/12/11, 88, 50, 29, , 
2023/12/12, 132, 37, 29, , 
2023/12/13, 104, 19, 24, , 
2023/12/14, 55, 20, 18, , 
2023/12/15, 59, 25, 22, , 
2023/12/16, 71, 41, 19, , 
2023/12/17, 108, 70, 35, , 
2023/12/18, 160, 77, 37, , 
2023/12/19, 166, 72, 32, , 
2023/12/20, 154, 49, 25, , 
2023/12/21, 128, 37, 31, , 
2023/12/22, 88, 34, 22, , 
2023/12/23, 92, 56, 21, , 
2023/12/24, 147, 14, 8, , 
2023/12/25, 50, 12, 11, , 
2023/12/26, 44, 41, 29, , 
2023/12/27, 103, 21, 15, , 
2023/12/28, 65, 15, 19, , 
2023/12/29, 51, 22, 20, , 
2023/12/30, 66, , , , 
2023/7/1, 32, 11, 6, , 
2023/7/2, 36, 11, 14, , 
2023/7/3, 35, 9, 17, , 
2023/7/4, 29, 14, 17, , 
2023/7/5, 40, 10, 14, , 
2023/7/6, 22, 13, 17, , 
2023/7/7, 31, 15, 18, , 
2023/7/8, 37, 16, 16, , 
2023/7/9, 42, 18, 18, , 
2023/7/10, 44, 22, 22, , 
2023/7/11, 52, 21, 9, , 
2023/7/12, 43, 17, 17, , 
2023/7/13, 34, 9, 6, , 
2023/7/14, 18, 15, 16, , 
2023/7/15, 38, 15, 11, , 
2023/7/16, 43, 19, 16, , 
2023/7/17, 47, 15, 16, , 
2023/7/18, 37, 12, 13, , 
2023/7/19, 29, 9, 8, , 
2023/7/20, 28, 10, 15, , 
2023/7/21, 27, 10, 12, , 
2023/7/22, 32, 11, 9, , 
2023/7/23, 37, 17, 11, , 
2023/7/24, 45, 13, 14, , 
2023/7/25, 34, 4, 4, , 
2023/7/26, 15, 7, 10, , 
2023/7/27, 13, 15, 25, , 
2023/7/28, 42, , , , 
2023/7/30, 28, 8, 10, , 
2023/7/31, 21, 10, 11, , 
2023/8/1, 29, 5, 10, , 
2023/8/2, 12, 14, 9, , 
2023/8/3, 32, 6, 10, , 
2023/8/4, 17, 3, 7, , 
2023/8/5, 10, , , , 
2023/8/7, 12, 5, 11, , 
2023/8/8, 14, 9, 15, , 
2023/8/9, 24, 6, 12, , 
2023/8/10, 18, 10, 16, , 
2023/8/11, 28, 13, 14, , 
2023/8/12, 35, 14, 13, 3, 
2023/8/13, 44, 19, 16, 1, 
2023/8/14, 55, 18, 12, , 
2023/8/15, 52, 18, 17, , 
2023/8/16, 50, 21, 17, , 
2023/8/17, 54, 19, 17, , 
2023/8/18, 53, 21, 15, , 
2023/8/19, 58, 20, 12, , 
2023/8/20, 59, 22, 20, , 
2023/8/21, 57, 24, 24, , 
2023/8/22, 55, 24, 25, 1, 
2023/8/23, 59, 21, 23, , 
2023/8/24, 52, 23, 23, , 
2023/8/25, 54, 25, 16, , 
2023/8/26, 58, 23, 15, , 
2023/8/27, 58, 21, 17, , 
2023/8/28, 49, 14, 13, , 
2023/8/29, 37, 5, 13, , 
2023/8/30, 12, 6, 15, , 
2023/8/31, 19, 11, 18, , 
2023/9/1, 30, 13, 19, , 
2023/9/2, 41, 12, 14, , 
2023/9/3, 35, 9, 7, , 
2023/9/4, 25, 12, 14, , 
2023/9/5, 35, 17, 22, , 
2023/9/6, 45, 18, 19, , 
2023/9/7, 46, 24, 27, , 
2023/9/8, 49, 23, 23, 1, 
2023/9/9, 54, 24, 21, , 
2023/9/10, 55, 31, 29, 1, 
2023/9/11, 64, 30, 23, , 
2023/9/12, 67, 24, 11, , 
2023/9/13, 60, 17, 19, , 
2023/9/14, 50, 13, 19, , 
2023/9/15, 40, 16, 21, , 
2023/9/16, 43, 14, 16, , 
2023/9/17, 45, 19, 13, , 
2023/9/18, 50, 12, 18, , 
2023/9/19, 33, 14, 19, , 
2023/9/20, 39, 13, 14, , 
2023/9/21, 35, 21, 20, , 
2023/9/22, 47, 7, 10, , 
2023/9/23, 24, 3, 6, , 
2023/9/24, 10, 9, 11, , 
2023/9/25, 28, 21, 21, , 
2023/9/26, 51, 34, 24, , 
2023/9/27, 61, 31, 27, 1, 
2023/9/28, 58, 31, 30, , 
2023/9/29, 61, 29, 25, , 
2023/9/30, 67, 20, 15, , 
2023/4/1, 23, 6, 9, , 
2023/4/2, 35, 10, 13, , 
2023/4/3, 26, 11, 5, , 
2023/4/4, 35, 13, 9, 1, 
2023/4/5, 47, 16, 16, , 
2023/4/6, 49, 28, 17, 1, 
2023/4/7, 75, 24, 9, , 
2023/4/8, 75, 12, 4, 5, 
2023/4/9, 51, 15, 11, , 
2023/4/10, 56, 24, 14, , 
2023/4/11, 77, , , , 
2023/4/16, 21, 8, 7, , 
2023/4/17, 29, 11, 8, , 
2023/4/18, 41, 14, 16, , 
2023/4/19, 49, 17, 17, , 
2023/4/20, 53, 20, 16, , 
2023/4/21, 56, 24, 19, , 
2023/4/22, 61, 18, 13, , 
2023/4/23, 50, 12, 19, , 
2023/4/24, 42, 5, 10, , 
2023/4/25, 17, 10, 13, 5, 
2023/4/26, 34, 13, 17, , 
2023/4/27, 41, 18, 18, , 
2023/4/28, 50, 12, 11, , 
2023/4/29, 36, 9, 9, 5, 
2023/4/30, 34, 13, 10, , 
2023/5/1, 44, 15, 14, , 
2023/5/2, 53, 9, 8, , 
2023/5/3, 33, 15, 15, 5, 
2023/5/4, 46, 19, 20, , 
2023/5/5, 53, 21, 18, , 
2023/5/6, 58, 13, 10, , 
2023/5/7, 45, 17, 12, 7, 
2023/5/8, 57, 15, 13, , 
2023/5/9, 45, 16, 13, 1, 
2023/5/10, 51, 14, 12, , 
2023/5/11, 52, 6, 15, , 
2023/5/12, 22, 12, 10, , 
2023/5/13, 44, 10, 8, 1, 
2023/5/14, 38, 8, 12, , 
2023/5/15, 28, 6, 12, , 
2023/5/16, 21, 5, 13, , 
2023/5/17, 19, 12, 11, 5, 
2023/5/18, 39, 16, 11, , 
2023/5/19, 54, 20, 13, , 
2023/5/20, 60, 17, 10, , 
2023/5/21, 52, 19, 17, , 
2023/5/22, 53, 21, 17, , 
2023/5/23, 52, 13, 13, , 
2023/5/24, 45, 12, 12, , 
2023/5/25, 41, 18, 13, , 
2023/5/26, 54, , , , 
2023/5/28, 50, 18, 12, , 
2023/5/29, 53, 15, 11, , 
2023/5/30, 47, 18, 16, , 
2023/5/31, 54, 21, 18, , 
2023/6/1, 60, 20, 20, , 
2023/6/2, 53, 16, 13, , 
2023/6/3, 48, 17, 13, , 
2023/6/4, 50, 16, 19, , 
2023/6/5, 55, 16, 19, , 
2023/6/6, 50, 14, 20, , 
2023/6/7, 45, 12, 11, , 
2023/6/8, 38, 13, 14, , 
2023/6/9, 39, 14, 14, , 
2023/6/10, 44, 12, 6, , 
2023/6/11, 44, 11, 11, , 
2023/6/12, 33, 15, 17, , 
2023/6/13, 35, 14, 17, , 
2023/6/14, 35, 13, 14, , 
2023/6/15, 35, 16, 15, , 
2023/6/16, 42, 14, 16, , 
2023/6/17, 39, 17, 13, , 
2023/6/18, 47, 21, 16, , 
2023/6/19, 50, 24, 12, , 
2023/6/20, 56, 26, 18, , 
2023/6/21, 55, 26, 11, , 
2023/6/22, 53, 31, 14, , 
2023/6/23, 53, 10, 8, 1, 
2023/6/24, 30, 11, 8, , 
2023/6/25, 36, 17, 18, , 
2023/6/26, 46, 17, 16, , 
2023/6/27, 52, 10, 16, 1, 
2023/6/28, 33, 12, 16, , 
2023/6/29, 29, 13, 15, , 
2023/6/30, 30, 11, 7, , 
2023/2/14, 90, 46, 26, , 
2023/2/15, 122, 47, 26, , 
2023/2/16, 161, 71, 35, , 
2023/2/17, 102, 37, 13, , 
2023/2/18, 111, 39, 8, , 
2023/2/19, 73, 23, 11, , 
2023/2/20, 67, 23, 17, , 
2023/2/21, 79, 26, 11, , 
2023/2/22, 109, 44, 25, , 
2023/2/23, 141, 59, 29, , 
2023/2/24, 86, 32, 12, , 
2023/2/25, 41, 13, 8, , 
2023/2/26, 26, 6, 10, , 
2023/2/27, 56, 16, 12, , 
2023/2/28, 71, 22, 11, , 
2023/3/1, 72, 22, 11, , 
2023/3/2, 88, 29, 17, , 
2023/3/3, 114, 46, 15, , 
2023/3/4, 102, 39, 16, , 
2023/3/5, 75, 25, 16, , 
2023/3/6, 75, 26, 18, , 
2023/3/7, 69, 23, 11, , 
2023/3/8, 32, 9, 7, , 
2023/3/9, 29, 11, 9, , 
2023/3/10, 60, 22, 21, , 
2023/3/11, 44, 13, 14, , 
2023/3/12, 39, 11, 12, , 
2023/3/13, 68, 25, 17, , 
2023/3/14, 28, 10, 13, , 
2023/3/15, 23, 7, 11, , 
2023/3/16, 41, 13, 18, 1, 
2023/3/17, 74, 28, 25, , 
2023/3/18, 63, 22, 22, , 
2023/3/19, 64, 23, 14, , 
2023/3/20, 57, 18, 10, , 
2023/3/21, 87, 33, 19, , 
2023/3/22, 78, 31, 25, , 
2023/3/23, 61, 23, 20, , 
2023/3/24, 47, 16, 8, , 
2023/3/25, 33, 9, 11, , 
2023/3/26, 63, 20, 17, , 
2023/3/27, 10, 3, 9, , 
2023/3/28, 22, 7, 14, 2, 
2023/3/29, 61, 23, 24, , 
2023/3/30, 27, 9, 5, 5, 
2023/3/31, 31, 10, 6, , 
2024/9/7, , 25, 9, 2, 
2024/5/2, , 6, 10, 1, 
2023/12/31, , 14, 14, , 
2023/10/15, , 12, 21, , 
2023/7/29, , 8, 7, , 
2023/8/6, , 5, 11, , 
2023/4/15, , 6, 9, , 
2023/5/27, , 17, 9, , 
2023/1/15, , 28, 21, 8, 
2023/1/16, , 13, 18, 5, 
2023/1/17, , 14, 21, 2, 
2023/1/18, , 18, 25, 2, 
2023/1/19, , 18, 18, 2, 
2023/1/20, , 25, 21, 1, 
2023/1/21, , 17, 9, 1, 
2023/1/22, , 9, 6, 1, 
2023/1/23, , 10, 12, 1, 
2023/1/24, , 17, 17, 1, 
2023/1/25, , 24, 12, 1, 
2023/1/26, , 20, 9, 1, 
2023/2/1, , 38, 26, 1, 
2023/2/2, , 30, 18, , 
2023/2/3, , 17, 16, , 
2023/2/4, , 17, 11, , 
2023/2/5, , 7, 8, , 
2023/2/6, , 20, 12, , 
2023/2/7, , 42, 24, 1, 
2023/2/8, , 38, 18, , 
2023/2/9, , 34, 20, 2, 
2023/2/10, , 61, 32, 1, 
2023/2/11, , 53, 23, , 
2023/2/12, , 42, 23, , 
2023/2/13, , 29, 23, , 
2022/10/1, , 5, 13, 1, 
2022/10/2, , 8, 18, 1, 
2022/10/3, , 12, 20, 1, 
2022/10/4, , 17, 22, 1, 
2022/10/5, , 11, 24, 1, 
2022/10/6, , 14, 26, 2, 
2022/10/7, , 16, 22, 2, 
2022/10/8, , 24, 15, 1, 
2022/10/9, , 12, 21, 1, 
2022/10/10, , 15, 22, 2, 
2022/10/11, , 20, 25, 2, 
2022/10/12, , 20, , , 
2022/10/16, , 24, 27, 3, 
2022/10/17, , 28, 28, 4, 
2022/10/18, , 30, 23, 2, 
2022/10/19, , 28, 19, 1, 
2022/10/20, , 10, 17, 1, 
2022/10/21, , 13, 10, 1, 
2022/10/22, , 8, 8, 1, 
2022/10/23, , 9, 17, 1, 
2022/10/24, , 16, 16, 1, 
2022/10/25, , 7, 17, 2, 
2022/10/26, , 11, 17, 1, 
2022/10/27, , 10, 15, 1, 
2022/10/28, , 9, 11, 1, 
2022/10/29, , 9, 10, 1, 
2022/10/30, , 9, 13, 2, 
2022/10/31, , 17, 14, 2, 
2022/11/1, , 18, 21, 2, 
2022/11/2, , 20, 22, 2, 
2022/11/3, , 16, 21, 2, 
2022/11/4, , 18, 12, 1, 
2022/11/5, , 4, 10, 1, 
2022/11/6, , 7, 21, 2, 
2022/11/7, , 18, 20, 2, 
2022/11/8, , 23, 22, 2, 
2022/11/9, , 22, 17, 2, 
2022/11/10, , 12, 17, 2, 
2022/11/11, , 22, 15, 2, 
2022/11/12, , 20, 13, 2, 
2022/11/13, , 16, 17, 2, 
2022/11/14, , 23, 15, 2, 
2022/11/15, , 20, 17, 2, 
2022/11/16, , 18, 13, 2, 
2022/11/17, , 10, 16, 2, 
2022/11/18, , 9, 10, 2, 
2022/11/19, , 7, 14, 2, 
2022/11/20, , 8, 12, 2, 
2022/11/21, , 6, 11, 2, 
2022/11/22, , 7, 16, 2, 
2022/11/23, , 8, 19, 2, 
2022/11/24, , 18, 24, 3, 
2022/11/25, , 30, 20, 2, 
2022/11/26, , 25, 19, 2, 
2022/11/27, , 20, 17, 2, 
2022/11/28, , 19, 12, 3, 
2022/11/29, , 17, 12, 2, 
2022/11/30, , 7, 13, 2, 
2022/12/1, , 10, 15, 2, 
2022/12/2, , 13, 12, 5, 
2022/12/3, , 17, 11, 3, 
2022/12/4, , 15, 12, 2, 
2022/12/5, , 17, 15, 2, 
2022/12/6, , 17, 19, 2, 
2022/12/7, , 17, 12, 2, 
2022/12/8, , 13, 16, 2, 
2022/12/9, , 14, 15, 2, 
2022/12/10, , 11, 12, 2, 
2022/12/11, , 7, 15, 2, 
2022/12/12, , 4, 26, 2, 
2022/12/13, , 4, 17, 4, 
2022/12/14, , 4, 18, 3, 
2022/7/1, , 12, 8, 1, 
2022/7/2, , 5, 10, 1, 
2022/7/3, , 9, 16, 1, 
2022/7/4, , 18, 12, 1, 
2022/7/5, , 7, 13, 1, 
2022/7/6, , 7, 15, 1, 
2022/7/7, , 9, 10, 1, 
2022/7/8, , 5, 8, 1, 
2022/7/9, , 9, 8, 1, 
2022/7/10, , 6, 9, 1, 
2022/7/11, , 5, 14, 1, 
2022/7/12, , 11, 11, 1, 
2022/7/13, , 7, 16, 1, 
2022/7/14, , 9, 14, 1, 
2022/7/15, , 11, 9, 1, 
2022/7/16, , 11, 6, 1, 
2022/7/17, , 6, 17, 1, 
2022/7/18, , 11, 18, 1, 
2022/7/19, , 12, 21, 1, 
2022/7/20, , 10, 20, 3, 
2022/7/21, , 20, 20, 1, 
2022/7/22, , 15, 16, 1, 
2022/7/23, , 21, 8, 1, 
2022/7/24, , 13, 17, 1, 
2022/7/25, , 13, 16, 1, 
2022/7/26, , 12, 13, 1, 
2022/7/27, , 10, 14, 1, 
2022/7/28, , 10, 19, 1, 
2022/7/29, , 12, 11, 1, 
2022/7/30, , 8, 10, 1, 
2022/7/31, , 8, 13, 1, 
2022/8/1, , 10, 13, 1, 
2022/8/2, , 8, 16, 1, 
2022/8/3, , 8, 16, 1, 
2022/8/4, , 10, 12, 1, 
2022/8/5, , 9, 11, 1, 
2022/8/6, , 12, 5, 1, 
2022/8/7, , 7, 7, 1, 
2022/8/8, , 7, 11, 1, 
2022/8/9, , 8, 8, 1, 
2022/8/10, , 8, 15, 1, 
2022/8/11, , 9, 13, 1, 
2022/8/12, , 8, 7, 1, 
2022/8/13, , 5, 8, 1, 
2022/8/14, , 8, 8, 1, 
2022/8/15, , 8, 12, 1, 
2022/8/16, , 8, 11, 1, 
2022/8/17, , 10, 12, 1, 
2022/8/18, , 13, 16, 1, 
2022/8/19, , 14, 10, 1, 
2022/8/20, , 9, 8, 1, 
2022/8/21, , 5, 13, 1, 
2022/8/22, , 5, 12, 1, 
2022/8/23, , 4, 13, 1, 
2022/8/24, , 7, 16, 1, 
2022/8/25, , 11, 17, 1, 
2022/8/26, , 17, 14, 1, 
2022/8/27, , 18, 8, 1, 
2022/8/28, , 11, 12, 1, 
2022/8/29, , 6, 17, 1, 
2022/8/30, , 8, 20, 1, 
2022/8/31, , 11, 12, 1, 
2022/9/1, , 7, 17, 1, 
2022/9/2, , 9, 17, 1, 
2022/9/3, , 10, 14, 1, 
2022/9/4, , 11, 22, 1, 
2022/9/5, , 15, 21, 1, 
2022/9/6, , 15, 17, 1, 
2022/9/7, , 14, 20, 1, 
2022/9/8, , 11, 22, 1, 
2022/9/9, , 7, 11, 1, 
2022/9/10, , 5, 11, 1, 
2022/9/11, , 5, 19, 1, 
2022/9/12, , 6, 19, 1, 
2022/9/13, , 9, 8, 1, 
2022/9/14, , 8, 18, 1, 
2022/9/15, , 8, 17, 1, 
2022/9/16, , 4, 12, 1, 
2022/9/17, , 3, 11, 1, 
2022/9/18, , 4, 17, 1, 
2022/9/19, , 6, 17, 1, 
2022/9/20, , 6, 17, 1, 
2022/9/21, , 5, 18, 1, 
2022/9/22, , 7, 18, 1, 
2022/9/23, , 9, 14, 1, 
2022/9/24, , 9, 15, 1, 
2022/9/25, , 7, 20, 1, 
2022/9/26, , 8, 17, 1, 
2022/9/27, , 7, 16, 1, 
2022/9/28, , 6, 20, 1, 
2022/9/29, , 6, 18, 1, 
2022/9/30, , 6, 11, 1, 
2022/4/1, , 7, 6, 6, 
2022/4/2, , 7, 6, 7, 
2022/4/3, , 9, 8, 7, 
2022/4/4, , 11, 8, 7, 
2022/4/5, , 11, 11, 6, 
2022/4/6, , 11, 7, 6, 
2022/4/7, , 8, 6, 5, 
2022/4/8, , 8, 7, 5, 
2022/4/9, , 7, 6, 7, 
2022/4/10, , 6, 13, 7, 
2022/4/11, , 9, 14, 7, 
2022/4/12, , 11, 20, 8, 
2022/4/13, , 17, 20, 7, 
2022/4/14, , 16, 20, 6, 
2022/4/15, , 18, 4, 6, 
2022/4/16, , 5, 1, 6, 
2022/4/17, , 9, 3, 8, 
2022/4/18, , 8, 10, 7, 
2022/4/19, , 7, 10, 6, 
2022/4/20, , 8, 17, 7, 
2022/4/21, , 16, 17, 4, 
2022/4/22, , 11, 10, 5, 
2022/4/23, , 10, 7, 5, 
2022/4/24, , 8, 7, 5, 
2022/4/25, , 8, 16, 5, 
2022/4/26, , 9, 7, 4, 
2022/4/27, , 6, 1, 5, 
2022/4/28, , 11, 2, 6, 
2022/4/29, , 11, 1, 5, 
2022/4/30, , 12, , 5, 
2022/5/1, , 9, 2, 4, 
2022/5/2, , 10, 2, 4, 
2022/5/3, , 13, , 4, 
2022/5/4, , 13, , 4, 
2022/5/5, , 13, , 3, 
2022/5/6, , 12, , 3, 
2022/5/7, , 13, , 4, 
2022/5/8, , 12, 20, 4, 
2022/5/9, , 12, 17, 5, 
2022/5/10, , 15, 16, 5, 
2022/5/11, , 15, 16, 4, 
2022/5/12, , 15, 13, 2, 
2022/5/13, , 14, 13, 1, 
2022/5/14, , 10, 14, 1, 
2022/5/15, , 11, 17, 1, 
2022/5/16, , 14, 14, 1, 
2022/5/17, , 8, 12, 1, 
2022/5/18, , 9, 18, , 
2022/5/19, , 10, 18, 1, 
2022/5/20, , 15, 12, 1, 
2022/5/21, , 13, 7, 1, 
2022/5/22, , 6, 14, 1, 
2022/5/23, , 11, 14, 1, 
2022/5/24, , 15, 11, 1, 
2022/5/25, , 15, 13, , 
2022/5/26, , 6, 17, 1, 
2022/5/27, , 11, 11, 1, 
2022/5/28, , 5, 7, , 
2022/5/29, , 4, 8, 1, 
2022/5/30, , 4, 10, 1, 
2022/5/31, , 6, 14, 1, 
2022/6/1, , 10, 15, , 
2022/6/2, , 10, 13, 1, 
2022/6/3, , 10, , , 
2022/6/5, , 11, 13, , 
2022/6/6, , 6, 15, 1, 
2022/6/7, , 11, 12, 1, 
2022/6/8, , 6, 9, 1, 
2022/6/9, , 6, 5, 1, 
2022/6/10, , 6, 9, 1, 
2022/6/11, , 9, 9, 1, 
2022/6/12, , 10, 13, 1, 
2022/6/13, , 11, 11, 1, 
2022/6/14, , 7, 17, 1, 
2022/6/15, , 11, 10, 1, 
2022/6/16, , 13, 12, 1, 
2022/6/17, , 33, 12, 1, 
2022/6/18, , 40, 11, 1, 
2022/6/19, , 31, 6, 1, 
2022/6/20, , 22, 14, 1, 
2022/6/21, , 11, 8, 1, 
2022/6/22, , 11, 12, 1, 
2022/6/23, , 8, 9, 1, 
2022/6/24, , 16, 9, 1, 
2022/6/25, , 14, 8, 1, 
2022/6/26, , 13, 15, 1, 
2022/6/27, , 15, 17, 5, 
2022/6/28, , 24, 14, 2, 
2022/6/29, , 19, 8, 1, 
2022/6/30, , 15, 10, 1, 
2022/1/3, , 15, 8, 5, 
2022/1/4, , 8, 7, 4, 
2022/1/5, , 5, 5, 6, 
2022/1/6, , 9, 13, 7, 
2022/1/7, , 11, 10, 7, 
2022/1/8, , 22, 9, 7, 
2022/1/9, , 30, 10, 7, 
2022/1/10, , 25, 6, 6, 
2022/1/11, , 13, 10, 7, 
2022/1/12, , 15, 10, 7, 
2022/1/13, , 24, 18, 8, 
2022/1/14, , 31, 15, 8, 
2022/1/15, , 31, 17, 8, 
2022/1/16, , 45, 17, 8, 
2022/1/17, , 38, 14, 7, 
2022/1/18, , 17, 19, 8, 
2022/1/19, , 26, 18, 6, 
2022/1/20, , 21, 14, 7, 
2022/1/21, , 12, 9, 6, 
2022/1/22, , 11, 9, 6, 
2022/1/23, , 8, 15, 7, 
2022/1/24, , 16, 17, 7, 
2022/1/25, , 28, 21, 8, 
2022/1/26, , 42, 19, 7, 
2022/1/27, , 39, 18, 7, 
2022/1/28, , 27, 10, 6, 
2022/1/29, , 13, 14, 7, 
2022/1/30, , 15, 20, 7, 
2022/1/31, , 23, 14, 7, 
2022/2/1, , 22, 11, 6, 
2022/2/2, , 12, 20, 7, 
2022/2/3, , 20, 14, 6, 
2022/2/4, , 20, 16, 7, 
2022/2/5, , 15, 11, 7, 
2022/2/6, , 20, 7, 6, 
2022/2/7, , 4, 11, 7, 
2022/2/8, , 11, 20, 8, 
2022/2/9, , 23, 19, 7, 
2022/2/10, , 26, 14, 6, 
2022/2/11, , 13, 14, 7, 
2022/2/12, , 10, 15, 8, 
2022/2/13, , 22, 20, 7, 
2022/2/14, , 32, 23, 6, 
2022/2/15, , 15, 16, 6, 
2022/2/16, , 15, 9, 6, 
2022/2/17, , 8, 16, 7, 
2022/2/18, , 14, 13, 6, 
2022/2/19, , 7, 6, 6, 
2022/2/20, , 4, 11, 6, 
2022/2/21, , 8, 12, 7, 
2022/2/22, , 8, 17, 8, 
2022/2/23, , 15, 18, 8, 
2022/2/24, , 25, 15, 7, 
2022/2/25, , 14, 5, 6, 
2022/2/26, , 7, 2, 6, 
2022/2/27, , 7, 4, 7, 
2022/2/28, , 9, 9, 7, 
2022/3/1, , 12, 20, 9, 
2022/3/2, , 23, 19, 8, 
2022/3/3, , 23, 12, 8, 
2022/3/4, , 17, 6, 8, 
2022/3/5, , 13, 3, 7, 
2022/3/6, , 9, 8, 8, 
2022/3/7, , 15, 10, 8, 
2022/3/8, , 11, 16, 8, 
2022/3/9, , 15, 14, 8, 
2022/3/10, , 16, 13, 8, 
2022/3/11, , 13, 16, 9, 
2022/3/12, , 19, 17, 8, 
2022/3/13, , 31, 21, 8, 
2022/3/14, , 28, 15, 7, 
2022/3/15, , 19, 10, 7, 
2022/3/16, , 15, 17, 8, 
2022/3/17, , 23, 12, 9, 
2022/3/18, , 18, 16, 9, 
2022/3/19, , 23, 8, 8, 
2022/3/20, , 15, 16, 9, 
2022/3/21, , 15, 24, 9, 
2022/3/22, , 24, 26, 8, 
2022/3/23, , 27, 26, 8, 
2022/3/24, , 29, 31, 8, 
2022/3/25, , 31, 24, 7, 
2022/3/26, , 29, 20, 8, 
2022/3/27, , 26, 17, 7, 
2022/3/28, , 25, 5, 6, 
2022/3/29, , 19, 11, 6, 
2022/3/30, , 19, 23, 4, 
2022/3/31, , 11, 19, 5, 
2021/10/1, , 15, 22, 4, 
2021/10/2, , 21, 16, 4, 
2021/10/3, , 15, 28, 3, 
2021/10/4, , 15, 28, 3, 
2021/10/5, , 14, 23, 3, 
2021/10/6, , 7, 11, 2, 
2021/10/7, , 6, 15, 3, 
2021/10/8, , 11, 12, 5, 
2021/10/9, , 14, 5, 4, 
2021/10/10, , 7, 16, 4, 
2021/10/11, , 18, 21, 5, 
2021/10/12, , 17, 17, 5, 
2021/10/13, , 12, 16, 6, 
2021/10/14, , 10, 20, 6, 
2021/10/15, , 15, 19, 6, 
2021/10/16, , 16, 17, 5, 
2021/10/17, , 13, 26, 6, 
2021/10/18, , 23, 27, 5, 
2021/10/19, , 22, 18, 4, 
2021/10/20, , 23, 8, 3, 
2021/10/21, , 8, 30, 2, 
2021/10/22, , 10, 16, 4, 
2021/10/23, , 9, 13, 6, 
2021/10/24, , 12, 19, 7, 
2021/10/25, , 18, 18, 7, 
2021/10/26, , 28, 23, 7, 
2021/10/27, , 30, 20, 7, 
2021/10/28, , 43, 19, 7, 
2021/10/29, , 45, 14, 6, 
2021/10/30, , 45, 15, 6, 
2021/10/31, , 38, 21, 6, 
2021/11/1, , 45, 23, 4, 
2021/11/2, , 14, 28, 4, 
2021/11/3, , 16, 19, 3, 
2021/11/4, , 11, 23, 5, 
2021/11/5, , 14, 16, 6, 
2021/11/6, , 12, 12, 5, 
2021/11/7, , 13, 23, 4, 
2021/11/8, , 12, 20, 6, 
2021/11/9, , 16, 18, 6, 
2021/11/10, , 25, 16, 6, 
2021/11/11, , 26, 6, 5, 
2021/11/12, , 19, , , 
2021/11/13, , 19, , , 
2021/11/14, , 17, 24, 7, 
2021/11/15, , 23, 13, 7, 
2021/11/16, , 24, 18, 6, 
2021/11/17, , 31, 10, 6, 
2021/11/18, , 17, 14, 6, 
2021/11/19, , 25, 20, 6, 
2021/11/20, , 30, 13, 7, 
2021/11/21, , 31, 13, 6, 
2021/11/22, , 21, 12, 7, 
2021/11/23, , 9, 18, 7, 
2021/11/24, , 22, 16, 7, 
2021/11/25, , 28, 15, 6, 
2021/11/26, , 26, 11, 6, 
2021/11/27, , 8, 12, 5, 
2021/11/28, , 10, 12, 6, 
2021/11/29, , 9, 11, 6, 
2021/11/30, , 10, 11, 5, 
2021/12/1, , 8, 28, 5, 
2021/12/2, , 9, 15, 6, 
2021/12/3, , 8, 14, 7, 
2021/12/4, , 23, 12, 6, 
2021/12/5, , 14, 16, 7, 
2021/12/6, , 10, 16, 7, 
2021/12/7, , 22, 16, 7, 
2021/12/8, , 20, 12, 7, 
2021/12/9, , 17, 13, 7, 
2021/12/10, , 28, 8, 6, 
2021/12/11, , 11, 9, 6, 
2021/12/12, , 12, 16, 7, 
2021/12/13, , 23, 18, 7, 
2021/12/14, , 21, 23, 7, 
2021/12/15, , 24, 17, 7, 
2021/12/16, , 18, 17, 7, 
2021/12/17, , 23, 14, 7, 
2021/12/18, , 23, 13, 7, 
2021/12/19, , 22, 17, 7, 
2021/12/20, , 19, 19, 8, 
2021/12/21, , 23, 17, 8, 
2021/12/22, , 19, 18, 7, 
2021/12/23, , 34, 14, 6, 
2021/12/24, , 8, 23, 5, 
2021/12/25, , 12, 7, 6, 
2021/12/26, , 10, 9, 6, 
2021/12/27, , 13, 10, 7, 
2021/12/28, , 15, 17, 6, 
2021/12/29, , 20, 20, 6, 
2021/12/30, , 14, 26, 8, 
2021/12/31, , 44, 29, 8, 
2022/1/1, , 79, 18, 7, 
2022/1/2, , 36, 16, 6, 
2021/7/2, , 3, 9, , 
2021/7/3, , 9, 5, , 
2021/7/4, , 10, 9, , 
2021/7/5, , 9, 11, , 
2021/7/6, , 13, 16, , 
2021/7/7, , 13, 19, , 
2021/7/8, , 19, 8, , 
2021/7/9, , 15, 4, , 
2021/7/10, , 6, 6, , 
2021/7/11, , 12, 8, , 
2021/7/12, , 12, 14, , 
2021/7/13, , 16, 8, , 
2021/7/14, , 12, 8, , 
2021/7/15, , 20, 17, , 
2021/7/16, , 8, 12, , 
2021/7/17, , 7, 12, , 
2021/7/18, , 14, 13, , 
2021/7/19, , 11, 16, 1, 
2021/7/20, , 13, 13, 3, 
2021/7/21, , 11, 19, 2, 
2021/7/22, , 14, 16, 3, 
2021/7/23, , 14, 11, 3, 
2021/7/24, , 19, 9, 3, 
2021/7/25, , 17, 14, 3, 
2021/7/26, , 22, 12, 2, 
2021/7/27, , 20, 16, 3, 
2021/7/28, , 17, 20, 2, 
2021/7/29, , 11, 22, 1, 
2021/7/30, , 17, 15, , 
2021/7/31, , 16, 12, , 
2021/8/1, , 11, 14, 1, 
2021/8/2, , 5, 14, 2, 
2021/8/3, , 7, 12, 4, 
2021/8/4, , 9, 5, 3, 
2021/8/5, , 6, 9, 4, 
2021/8/6, , 6, 7, 4, 
2021/8/7, , 8, 9, 4, 
2021/8/8, , 10, 9, 5, 
2021/8/9, , 7, 12, 4, 
2021/8/10, , 11, 13, 5, 
2021/8/11, , 10, 13, 5, 
2021/8/12, , 11, 16, 5, 
2021/8/13, , 12, 14, 4, 
2021/8/14, , 17, 12, 4, 
2021/8/15, , 17, 13, 4, 
2021/8/16, , 19, 9, 3, 
2021/8/17, , 7, , , 
2021/8/18, , 7, 14, 6, 
2021/8/19, , 11, 22, 5, 
2021/8/20, , 9, 18, 4, 
2021/8/21, , 10, 16, 4, 
2021/8/22, , 10, 16, 3, 
2021/8/23, , 5, 17, 3, 
2021/8/24, , 7, 15, 4, 
2021/8/25, , 8, 18, 4, 
2021/8/26, , 13, 15, 3, 
2021/8/27, , 4, 15, 3, 
2021/8/28, , 6, 9, 3, 
2021/8/29, , 4, 14, 3, 
2021/8/30, , 11, 11, 3, 
2021/8/31, , 7, 17, 3, 
2021/9/1, , 12, 19, 4, 
2021/9/2, , 10, 23, 4, 
2021/9/3, , 10, 21, 4, 
2021/9/4, , 12, 16, 4, 
2021/9/5, , 12, 22, 4, 
2021/9/6, , 12, 28, 4, 
2021/9/7, , 16, 26, 5, 
2021/9/8, , 16, 29, 5, 
2021/9/9, , 20, 30, 5, 
2021/9/10, , 20, 24, 5, 
2021/9/11, , 22, 18, 4, 
2021/9/12, , 17, 29, 4, 
2021/9/13, , 18, 32, 4, 
2021/9/14, , 21, 21, 4, 
2021/9/15, , 17, 9, 4, 
2021/9/16, , 16, 25, 2, 
2021/9/17, , 10, 18, 2, 
2021/9/18, , 8, 17, 3, 
2021/9/19, , 7, 16, 2, 
2021/9/20, , 6, 26, 4, 
2021/9/21, , 9, 19, 5, 
2021/9/22, , 10, 17, 4, 
2021/9/23, , 10, 12, 4, 
2021/9/24, , 9, 18, 3, 
2021/9/25, , 13, 9, 3, 
2021/9/26, , 14, 18, 3, 
2021/9/27, , 12, 26, 4, 
2021/9/28, , 13, 31, 4, 
2021/9/29, , 18, 22, 4, 
2021/9/30, , 6, 30, 4, 
2021/4/1, , 25, 18, 3, 
2021/4/2, , 18, 5, 3, 
2021/4/3, , 6, 3, 2, 
2021/4/4, , 5, 3, 3, 
2021/4/5, , 7, 9, 3, 
2021/4/6, , 7, 11, 3, 
2021/4/7, , 8, 12, 3, 
2021/4/8, , 10, 8, 3, 
2021/4/9, , 10, 3, 2, 
2021/4/10, , 7, 7, 3, 
2021/4/11, , 9, 17, 3, 
2021/4/12, , 13, 11, 2, 
2021/4/13, , 3, 12, 3, 
2021/4/14, , 6, 14, 3, 
2021/4/15, , 10, 16, 3, 
2021/4/16, , 10, 7, 3, 
2021/4/17, , 8, 6, 3, 
2021/4/18, , 9, 11, 3, 
2021/4/19, , 9, 14, 3, 
2021/4/20, , 8, 10, 3, 
2021/4/21, , 9, 8, 3, 
2021/4/22, , 7, 13, 3, 
2021/4/23, , 12, 13, 3, 
2021/4/24, , 14, 10, 3, 
2021/4/25, , 13, 13, 3, 
2021/4/26, , 11, 13, 3, 
2021/4/27, , 11, 14, 3, 
2021/4/28, , 13, 5, 3, 
2021/4/29, , 8, 7, 3, 
2021/4/30, , 7, 12, 3, 
2021/5/1, , 13, , , 
2021/5/3, , 11, 6, 3, 
2021/5/4, , 7, 3, 3, 
2021/5/5, , 8, 13, 3, 
2021/5/6, , 7, 16, 3, 
2021/5/7, , 9, 12, 3, 
2021/5/8, , 5, 11, 3, 
2021/5/9, , 9, 10, 3, 
2021/5/10, , 10, 16, 3, 
2021/5/11, , 12, 9, 3, 
2021/5/12, , 6, 7, 3, 
2021/5/13, , 5, 7, 3, 
2021/5/14, , 7, , , 
2021/5/16, , 5, 11, 3, 
2021/5/17, , 5, 8, 3, 
2021/5/18, , 6, 11, 3, 
2021/5/19, , 3, 11, 3, 
2021/5/20, , 6, 7, 3, 
2021/5/21, , 6, 3, 3, 
2021/5/22, , 5, 9, 3, 
2021/5/23, , 10, 12, 3, 
2021/5/24, , 8, 7, 3, 
2021/5/25, , 8, 12, 3, 
2021/5/26, , 6, 14, 3, 
2021/5/27, , 12, 12, 3, 
2021/5/28, , 6, 9, 3, 
2021/5/29, , 7, 4, 3, 
2021/5/30, , 7, 9, 3, 
2021/5/31, , 7, 12, 3, 
2021/6/1, , 11, 16, 3, 
2021/6/2, , 13, 9, 3, 
2021/6/3, , 11, 14, 3, 
2021/6/4, , 17, 6, 3, 
2021/6/5, , 16, 5, 3, 
2021/6/6, , 10, 14, 3, 
2021/6/7, , 12, 15, 3, 
2021/6/8, , 17, 17, 3, 
2021/6/9, , 17, 13, 3, 
2021/6/10, , 11, 15, , 
2021/6/11, , 10, 7, , 
2021/6/12, , 10, 3, , 
2021/6/13, , 9, 8, , 
2021/6/14, , 8, 12, , 
2021/6/15, , 13, 17, , 
2021/6/16, , 15, 17, , 
2021/6/17, , 17, 18, , 
2021/6/18, , 17, 11, , 
2021/6/19, , 17, 8, , 
2021/6/20, , 17, 5, , 
2021/6/21, , 32, 2, , 
2021/6/22, , 35, 13, , 
2021/6/23, , 32, 9, , 
2021/6/24, , 44, 6, , 
2021/6/25, , 23, 7, , 
2021/6/26, , 8, 7, , 
2021/6/27, , 9, 17, , 
2021/6/28, , 14, 10, , 
2021/6/29, , 20, 9, , 
2021/6/30, , 24, , , 
2021/1/4, , 20, 10, 2, 
2021/1/5, , 16, 7, 2, 
2021/1/6, , 11, 16, 2, 
2021/1/7, , 13, 13, 2, 
2021/1/8, , 14, 11, 2, 
2021/1/9, , 9, 9, 2, 
2021/1/10, , 9, 14, 2, 
2021/1/11, , 14, 14, 2, 
2021/1/12, , 21, 21, 2, 
2021/1/13, , 29, 22, 3, 
2021/1/14, , 25, 27, 3, 
2021/1/15, , 31, 16, 3, 
2021/1/16, , 17, 13, 2, 
2021/1/17, , 21, 16, 2, 
2021/1/18, , 18, 23, 3, 
2021/1/19, , 33, 11, 2, 
2021/1/20, , 9, 16, 2, 
2021/1/21, , 9, 21, 2, 
2021/1/22, , 16, 21, 2, 
2021/1/23, , 13, 8, 2, 
2021/1/24, , 5, 21, 2, 
2021/1/25, , 11, 20, 3, 
2021/1/26, , 19, 21, 2, 
2021/1/27, , 19, 18, 2, 
2021/1/28, , 26, 24, 3, 
2021/1/29, , 16, 17, 3, 
2021/1/30, , 20, 9, 2, 
2021/1/31, , 9, 14, 2, 
2021/2/1, , 17, 19, 2, 
2021/2/2, , 25, 16, 2, 
2021/2/3, , 15, 15, 2, 
2021/2/4, , 9, 16, 2, 
2021/2/5, , 15, 7, 2, 
2021/2/6, , 16, 17, 2, 
2021/2/7, , 35, 18, 2, 
2021/2/8, , 12, 14, 2, 
2021/2/9, , 10, 13, 2, 
2021/2/10, , 14, 15, 2, 
2021/2/11, , 22, 17, 2, 
2021/2/12, , 13, 8, 2, 
2021/2/13, , 10, 7, 2, 
2021/2/14, , 7, 25, 3, 
2021/2/15, , 16, 27, 3, 
2021/2/18, , 44, 24, 3, 
2021/2/19, , 28, 12, 2, 
2021/2/20, , 14, 7, 2, 
2021/2/21, , 18, 8, 2, 
2021/2/22, , 11, 26, 3, 
2021/2/23, , 24, 31, 3, 
2021/2/24, , 42, 37, 4, 
2021/2/25, , 49, 37, 3, 
2021/2/26, , 59, 13, 2, 
2021/2/27, , 20, 12, 2, 
2021/2/28, , 10, 27, 3, 
2021/3/1, , 24, 28, 3, 
2021/3/2, , 27, 31, 3, 
2021/3/3, , 34, 15, 3, 
2021/3/4, , 21, 11, 2, 
2021/3/5, , 13, 11, 2, 
2021/3/6, , 9, 18, 4, 
2021/3/7, , 24, 24, 3, 
2021/3/8, , 28, 12, 2, 
2021/3/9, , 9, 19, 3, 
2021/3/10, , 16, 16, 3, 
2021/3/11, , 20, 24, 3, 
2021/3/12, , 13, 5, 2, 
2021/3/13, , 7, 10, 2, 
2021/3/14, , 7, 14, 2, 
2021/3/15, , 6, 14, 2, 
2021/3/16, , 8, 13, 2, 
2021/3/17, , 8, 11, 2, 
2021/3/18, , 7, 19, 3, 
2021/3/19, , 10, 9, 2, 
2021/3/20, , 11, 4, 3, 
2021/3/21, , 7, 4, 2, 
2021/3/22, , 5, 8, 2, 
2021/3/23, , 8, 12, 2, 
2021/3/24, , 8, 21, 2, 
2021/3/25, , 17, 29, 3, 
2021/3/26, , 25, 4, 2, 
2021/3/27, , 10, 12, 2, 
2021/3/28, , 8, 25, 3, 
2021/3/29, , 22, 29, 3, 
2021/3/30, , 22, 28, 3, 
2021/3/31, , 22, 23, 3, 
2020/10/1, , 10, 15, 2, 
2020/10/2, , 10, 16, 2, 
2020/10/3, , 16, 11, 2, 
2020/10/4, , 5, 13, 2, 
2020/10/5, , 8, 7, 2, 
2020/10/6, , 6, 15, 2, 
2020/10/7, , 6, 14, 2, 
2020/10/8, , 8, 17, 2, 
2020/10/9, , 14, 16, 2, 
2020/10/10, , 15, 4, 2, 
2020/10/11, , 4, 12, 2, 
2020/10/12, , 6, 9, 2, 
2020/10/13, , 7, 11, 2, 
2020/10/14, , 7, 14, 2, 
2020/10/15, , 6, 12, 2, 
2020/10/16, , 7, 9, 2, 
2020/10/17, , 7, 12, 2, 
2020/10/18, , 10, 18, 3, 
2020/10/19, , 19, 19, 2, 
2020/10/20, , 22, 6, 2, 
2020/10/21, , 10, 9, 2, 
2020/10/22, , 9, 8, 2, 
2020/10/23, , 11, , , 
2020/10/25, , 10, 16, 2, 
2020/10/26, , 11, 18, 2, 
2020/10/27, , 12, 12, 2, 
2020/10/28, , 13, 16, 2, 
2020/10/29, , 17, 12, 2, 
2020/10/30, , 21, 17, 2, 
2020/10/31, , 20, 10, 2, 
2020/11/1, , 17, 10, 2, 
2020/11/2, , 14, 18, 2, 
2020/11/3, , 18, 15, 2, 
2020/11/4, , 19, 12, 2, 
2020/11/5, , 8, 16, 2, 
2020/11/6, , 14, 19, 2, 
2020/11/7, , 26, 15, 2, 
2020/11/8, , 32, 13, 2, 
2020/11/9, , 21, , , 
2020/11/10, , 21, , , 
2020/11/11, , 18, 14, , 
2020/11/12, , 19, 7, , 
2020/11/13, , 15, 9, , 
2020/11/14, , 8, 6, , 
2020/11/15, , 13, 13, 2, 
2020/11/16, , 12, 16, 2, 
2020/11/17, , 11, 12, 2, 
2020/11/18, , 16, 15, 2, 
2020/11/19, , 10, 9, 2, 
2020/11/20, , 7, , , 
2020/11/21, , 11, , , 
2020/11/22, , 19, 33, 3, 
2020/11/23, , 39, 27, 3, 
2020/11/24, , 38, 10, 2, 
2020/11/25, , 21, 11, 2, 
2020/11/26, , 21, 12, 2, 
2020/11/27, , 11, , , 
2020/11/28, , 14, , , 
2020/11/29, , 12, 35, 4, 
2020/11/30, , 33, 20, 3, 
2020/12/1, , 48, 12, 4, 
2020/12/2, , 20, 14, 3, 
2020/12/3, , 18, 14, 3, 
2020/12/4, , 25, 18, 3, 
2020/12/5, , 35, 12, 3, 
2020/12/6, , 24, 19, 3, 
2020/12/7, , 17, 15, 3, 
2020/12/8, , 18, 8, 4, 
2020/12/9, , 8, 13, 3, 
2020/12/10, , 8, 12, 3, 
2020/12/11, , 18, 8, 3, 
2020/12/12, , 17, 6, 3, 
2020/12/13, , 12, 15, 3, 
2020/12/14, , 21, 16, 5, 
2020/12/15, , 27, 11, 3, 
2020/12/16, , 23, 13, 2, 
2020/12/17, , 21, 13, 2, 
2020/12/18, , 16, 6, 2, 
2020/12/19, , 9, 8, 3, 
2020/12/20, , 21, 10, 4, 
2020/12/21, , 30, 11, 3, 
2020/12/22, , 27, 13, 3, 
2020/12/23, , 18, 6, 2, 
2020/12/24, , 5, 6, 2, 
2020/12/25, , 5, 4, 2, 
2020/12/26, , 5, , , 
2020/12/30, , 16, 14, 2, 
2020/12/31, , 14, 18, 3, 
2021/1/1, , 32, 17, 3, 
2021/1/2, , 13, 11, 2, 
2021/1/3, , 12, 17, 3, 
2020/7/1, , 15, 11, 1, 
2020/7/2, , 11, 11, 1, 
2020/7/3, , 5, 7, 1, 
2020/7/4, , 9, 7, 1, 
2020/7/5, , 10, 14, 1, 
2020/7/6, , 13, 8, 1, 
2020/7/7, , 9, 11, 1, 
2020/7/8, , 9, 15, 2, 
2020/7/9, , 13, 20, 4, 
2020/7/10, , 26, 8, 1, 
2020/7/11, , 18, 3, 1, 
2020/7/12, , 4, 9, 1, 
2020/7/13, , 8, 12, 1, 
2020/7/14, , 10, 11, 3, 
2020/7/15, , 14, 12, 2, 
2020/7/16, , 12, 11, 1, 
2020/7/17, , 6, 5, 1, 
2020/7/18, , 5, 3, 1, 
2020/7/19, , 5, 9, 1, 
2020/7/20, , 8, 13, 1, 
2020/7/21, , 13, 8, 1, 
2020/7/22, , 9, 12, 1, 
2020/7/23, , 12, 11, 1, 
2020/7/24, , 16, 5, 1, 
2020/7/25, , 7, 5, 1, 
2020/7/26, , 12, 9, 1, 
2020/7/27, , 11, 11, 2, 
2020/7/28, , 13, 12, 2, 
2020/7/29, , 15, 10, 2, 
2020/7/30, , 15, 13, 2, 
2020/7/31, , 23, 7, 2, 
2020/8/1, , 14, 6, 2, 
2020/8/2, , 12, 10, 2, 
2020/8/3, , 16, 7, 2, 
2020/8/4, , 8, 2, 1, 
2020/8/5, , 3, 7, 2, 
2020/8/6, , 11, 10, 2, 
2020/8/7, , 18, 7, 2, 
2020/8/8, , 20, 7, 2, 
2020/8/9, , 21, 12, 2, 
2020/8/10, , 22, 11, 2, 
2020/8/11, , 22, 10, 2, 
2020/8/12, , 15, 12, 2, 
2020/8/13, , 17, 8, 2, 
2020/8/14, , 11, 3, 1, 
2020/8/15, , 9, 6, 2, 
2020/8/16, , 12, 9, 2, 
2020/8/17, , 14, 9, 2, 
2020/8/18, , 8, 9, 2, 
2020/8/19, , 8, 12, 2, 
2020/8/20, , 9, 11, 2, 
2020/8/21, , 11, 9, 2, 
2020/8/22, , 16, 2, 2, 
2020/8/23, , 6, 9, 2, 
2020/8/24, , 7, 11, 2, 
2020/8/25, , 8, 7, 2, 
2020/8/26, , 9, 13, 2, 
2020/8/27, , 11, 19, 2, 
2020/8/28, , 21, 13, 2, 
2020/8/29, , 17, 9, 2, 
2020/8/30, , 12, 11, 2, 
2020/8/31, , 12, 11, 2, 
2020/9/1, , 4, 11, 2, 
2020/9/2, , 6, 14, 2, 
2020/9/3, , 13, 13, 2, 
2020/9/4, , 10, 11, 2, 
2020/9/5, , 10, 9, 2, 
2020/9/6, , 12, 10, 2, 
2020/9/7, , 8, 9, 2, 
2020/9/8, , 12, 17, 2, 
2020/9/9, , 15, 19, 2, 
2020/9/10, , 17, 18, 2, 
2020/9/11, , 18, 13, 2, 
2020/9/12, , 19, 11, 2, 
2020/9/13, , 21, 18, 2, 
2020/9/14, , 19, 21, 2, 
2020/9/15, , 22, 20, 3, 
2020/9/16, , 25, 17, 2, 
2020/9/17, , 23, 13, 2, 
2020/9/18, , 8, 13, 2, 
2020/9/19, , 10, 13, 2, 
2020/9/20, , 15, 22, 3, 
2020/9/21, , 24, 16, 2, 
2020/9/22, , 24, 9, 2, 
2020/9/23, , 8, 9, 2, 
2020/9/24, , 7, 13, 2, 
2020/9/25, , 8, , , 
2020/9/27, , 4, 14, 2, 
2020/9/28, , 8, 11, 2, 
2020/9/29, , 8, 14, 2, 
2020/9/30, , 10, 11, 2, 
2020/4/1, , 8, 15, 1, 
2020/4/2, , 18, 15, 1, 
2020/4/3, , 22, 2, 1, 
2020/4/4, , 9, 3, 2, 
2020/4/5, , 16, 6, 2, 
2020/4/6, , 20, 8, 3, 
2020/4/7, , 16, 14, 2, 
2020/4/8, , 19, 14, 4, 
2020/4/9, , 19, 14, 2, 
2020/4/10, , 22, 7, 1, 
2020/4/11, , 16, 2, 1, 
2020/4/12, , 15, , 1, 
2020/4/13, , 19, 4, 1, 
2020/4/14, , 9, 10, 1, 
2020/4/15, , 14, 8, 1, 
2020/4/16, , 14, 9, 1, 
2020/4/17, , 13, 8, 1, 
2020/4/18, , 16, 3, 1, 
2020/4/19, , 14, 4, 1, 
2020/4/20, , 8, 3, 1, 
2020/4/21, , 11, 7, 2, 
2020/4/22, , 15, 11, 1, 
2020/4/23, , 17, 13, 1, 
2020/4/24, , 20, 4, 1, 
2020/4/25, , 18, 4, 1, 
2020/4/26, , 10, 6, 1, 
2020/4/27, , 14, 3, 1, 
2020/4/28, , 14, 6, 1, 
2020/4/29, , 6, 6, 1, 
2020/4/30, , 5, 4, 1, 
2020/5/1, , 5, 4, 1, 
2020/5/2, , 5, 4, 1, 
2020/5/3, , 5, 9, 1, 
2020/5/4, , 8, 8, 1, 
2020/5/5, , 8, 9, 1, 
2020/5/6, , 6, 9, 1, 
2020/5/7, , 9, 9, 1, 
2020/5/8, , 15, 2, 2, 
2020/5/9, , 13, 1, 2, 
2020/5/10, , 9, 5, 1, 
2020/5/11, , 12, 6, 1, 
2020/5/12, , 4, 9, 1, 
2020/5/13, , 9, 8, 1, 
2020/5/14, , 15, 7, 1, 
2020/5/15, , 13, 7, 1, 
2020/5/16, , 12, 6, 1, 
2020/5/17, , 12, 10, 1, 
2020/5/18, , 11, 13, 1, 
2020/5/19, , 15, 10, 1, 
2020/5/20, , 11, 10, 1, 
2020/5/21, , 9, 11, 1, 
2020/5/22, , 12, 8, 1, 
2020/5/23, , 13, 2, 1, 
2020/5/24, , 5, 6, 1, 
2020/5/25, , 8, 3, 1, 
2020/5/26, , 5, 7, 1, 
2020/5/27, , 7, 6, 1, 
2020/5/28, , 8, 5, 1, 
2020/5/29, , 8, 3, 1, 
2020/5/30, , 6, 3, 1, 
2020/5/31, , 7, 6, 1, 
2020/6/1, , 9, 8, 1, 
2020/6/2, , 11, 6, 1, 
2020/6/3, , 8, 3, 1, 
2020/6/4, , 7, 8, 1, 
2020/6/5, , 8, 4, 1, 
2020/6/6, , 7, 4, 1, 
2020/6/7, , 8, 3, 1, 
2020/6/8, , 6, , 1, 
2020/6/9, , 7, 8, 1, 
2020/6/10, , 9, 3, 1, 
2020/6/11, , 7, 4, 1, 
2020/6/12, , 7, 1, 2, 
2020/6/13, , 10, 1, 2, 
2020/6/14, , 8, 12, 1, 
2020/6/15, , 4, 8, 1, 
2020/6/16, , 10, 7, 1, 
2020/6/17, , 11, 8, 1, 
2020/6/18, , 9, 9, 1, 
2020/6/19, , 9, 7, 1, 
2020/6/20, , 5, 2, 1, 
2020/6/21, , 5, 5, 1, 
2020/6/22, , 7, 9, 1, 
2020/6/23, , 10, 13, 1, 
2020/6/24, , 12, 12, 2, 
2020/6/25, , 11, 9, 1, 
2020/6/26, , 10, 5, 1, 
2020/6/27, , 11, 6, 1, 
2020/6/28, , 15, 6, 1, 
2020/6/29, , 17, 11, 1, 
2020/6/30, , 8, 15, 1, 
2020/1/1, , 57, 34, 2, 
2020/1/2, , 40, 46, 3, 
2020/1/3, , 69, , , 
2020/1/5, , 10, 25, 1, 
2020/1/6, , 20, 41, 3, 
2020/1/7, , 54, 35, 3, 
2020/1/8, , 43, 40, 3, 
2020/1/9, , 53, 43, 3, 
2020/1/10, , 43, 44, 3, 
2020/1/11, , 58, 33, 2, 
2020/1/12, , 30, 33, 2, 
2020/1/13, , 54, 25, 1, 
2020/1/14, , 33, 37, 3, 
2020/1/15, , 48, 33, 3, 
2020/1/16, , 50, 16, 1, 
2020/1/17, , 22, 11, 1, 
2020/1/18, , 20, 14, 1, 
2020/1/19, , 18, 18, 1, 
2020/1/20, , 18, 27, 2, 
2020/1/21, , 36, 27, 2, 
2020/1/22, , 46, 29, 2, 
2020/1/23, , 45, 18, 1, 
2020/1/24, , 27, 23, 1, 
2020/1/25, , 42, 13, 1, 
2020/1/26, , 41, 14, 1, 
2020/1/27, , 33, 15, 1, 
2020/1/28, , 11, 23, 1, 
2020/1/29, , 15, 22, 1, 
2020/1/30, , 21, 12, 1, 
2020/1/31, , 12, 7, 1, 
2020/2/1, , 6, 7, 1, 
2020/2/2, , 5, 17, 1, 
2020/2/3, , 13, 19, 1, 
2020/2/4, , 15, 6, 1, 
2020/2/5, , 6, 25, 1, 
2020/2/6, , 15, 24, 1, 
2020/2/7, , 20, 26, 2, 
2020/2/8, , 28, 18, 1, 
2020/2/9, , 25, 7, 1, 
2020/2/10, , 7, 22, 1, 
2020/2/11, , 12, 19, 1, 
2020/2/12, , 10, 26, 2, 
2020/2/13, , 27, 19, 1, 
2020/2/14, , 11, 24, 1, 
2020/2/15, , 22, 20, 1, 
2020/2/16, , 19, 7, 1, 
2020/2/17, , 7, 20, 1, 
2020/2/18, , 13, 19, 1, 
2020/2/19, , 12, 21, 1, 
2020/2/20, , 11, 21, 1, 
2020/2/21, , 16, 20, 1, 
2020/2/22, , 18, 11, 1, 
2020/2/23, , 14, 23, 1, 
2020/2/24, , 14, 19, 1, 
2020/2/25, , 20, 14, 1, 
2020/2/26, , 8, 8, 1, 
2020/2/27, , 5, 15, 1, 
2020/2/28, , 7, 16, 1, 
2020/2/29, , 14, 12, 1, 
2020/3/1, , 11, 14, 1, 
2020/3/2, , 10, 16, 1, 
2020/3/3, , 5, 11, 1, 
2020/3/4, , 6, 16, 1, 
2020/3/5, , 11, 14, 1, 
2020/3/6, , 13, 15, 1, 
2020/3/7, , 13, 12, 1, 
2020/3/8, , 9, 24, 1, 
2020/3/9, , 32, 9, 1, 
2020/3/10, , 9, 17, 1, 
2020/3/11, , 15, 9, 1, 
2020/3/12, , 10, 12, 1, 
2020/3/13, , 10, 9, 1, 
2020/3/14, , 10, 7, 1, 
2020/3/15, , 7, 23, 4, 
2020/3/16, , 23, 19, 2, 
2020/3/17, , 19, 23, 1, 
2020/3/18, , 20, 23, 2, 
2020/3/19, , 26, 21, 2, 
2020/3/20, , 25, 3, 1, 
2020/3/21, , 15, 1, 1, 
2020/3/22, , 11, 1, 1, 
2020/3/23, , 11, 1, 1, 
2020/3/24, , 15, 3, 1, 
2020/3/25, , 13, 3, 1, 
2020/3/26, , 19, 6, 3, 
2020/3/27, , 106, 13, 1, 
2020/3/28, , 68, 11, 1, 
2020/3/29, , 55, , , 
2019/10/1, , 11, 17, 1, 
2019/10/2, , 13, 14, 1, 
2019/10/3, , 6, 14, 1, 
2019/10/4, , 10, 19, 1, 
2019/10/5, , 11, , , 
2019/10/7, , 10, 12, 1, 
2019/10/8, , 11, 13, 1, 
2019/10/9, , 13, 17, 1, 
2019/10/10, , 7, 15, 1, 
2019/10/11, , 9, 5, 1, 
2019/10/12, , 9, 12, 1, 
2019/10/13, , 13, 21, 1, 
2019/10/14, , 20, 14, 1, 
2019/10/15, , 15, 23, 1, 
2019/10/16, , 18, 13, 1, 
2019/10/17, , 17, , , 
2019/10/18, , 11, , , 
2019/10/19, , 11, , , 
2019/10/20, , 14, 15, 1, 
2019/10/21, , 17, 23, 1, 
2019/10/22, , 25, 26, 3, 
2019/10/23, , 34, 24, 2, 
2019/10/24, , 28, 22, 2, 
2019/10/25, , 32, , , 
2019/10/27, , 32, 20, 2, 
2019/10/28, , 24, 15, 1, 
2019/10/29, , 7, 13, 1, 
2019/10/30, , 10, 12, 1, 
2019/10/31, , 9, 13, 2, 
2019/11/1, , 12, 11, 2, 
2019/11/2, , 20, 12, 1, 
2019/11/3, , 16, 24, 1, 
2019/11/4, , 10, 23, 1, 
2019/11/5, , 10, 18, 1, 
2019/11/6, , 9, 17, 1, 
2019/11/7, , 12, 19, 2, 
2019/11/8, , 19, 18, 1, 
2019/11/9, , 10, 11, 1, 
2019/11/10, , 9, 16, 2, 
2019/11/11, , 16, 17, 2, 
2019/11/12, , 13, 18, 2, 
2019/11/13, , 14, 19, 1, 
2019/11/14, , 9, 18, 3, 
2019/11/15, , 22, 21, 2, 
2019/11/16, , 13, 15, 2, 
2019/11/17, , 15, 16, 1, 
2019/11/18, , 12, 27, 4, 
2019/11/19, , 20, 17, 2, 
2019/11/20, , 21, 18, 2, 
2019/11/21, , 17, 21, 2, 
2019/11/22, , 23, 13, 2, 
2019/11/23, , 19, 13, 2, 
2019/11/24, , 27, 14, 4, 
2019/11/25, , 20, 11, 2, 
2019/11/26, , 18, 3, 2, 
2019/11/27, , 9, 25, 2, 
2019/11/28, , 25, 20, 2, 
2019/11/29, , 17, 21, 2, 
2019/11/30, , 17, 23, 3, 
2019/12/1, , 24, 19, 3, 
2019/12/2, , 18, 15, 1, 
2019/12/3, , 17, 19, 1, 
2019/12/4, , 15, 11, 4, 
2019/12/5, , 21, 16, 2, 
2019/12/6, , 26, 18, 1, 
2019/12/7, , 31, 15, 1, 
2019/12/8, , 19, 31, 2, 
2019/12/9, , 28, 19, 1, 
2019/12/10, , 9, 33, 2, 
2019/12/11, , 24, 23, 2, 
2019/12/12, , 35, 16, 1, 
2019/12/13, , 19, 22, 2, 
2019/12/14, , 14, 28, 2, 
2019/12/15, , 35, 27, 2, 
2019/12/16, , 21, 14, 1, 
2019/12/17, , 14, 24, 2, 
2019/12/18, , 21, 29, 5, 
2019/12/19, , 32, 29, 3, 
2019/12/20, , 31, 24, 1, 
2019/12/21, , 17, 13, 1, 
2019/12/22, , 5, 19, 1, 
2019/12/23, , 12, 28, 2, 
2019/12/24, , 24, 17, 1, 
2019/12/25, , 22, 22, 2, 
2019/12/26, , 21, 26, 2, 
2019/12/27, , 25, 10, 1, 
2019/12/28, , 6, , , 
2019/7/1, , 15, 19, 7, 
2019/7/2, , 16, 16, 7, 
2019/7/3, , 12, 15, 7, 
2019/7/4, , 12, 16, 8, 
2019/7/5, , 19, 11, 7, 
2019/7/6, , 27, 6, 5, 
2019/7/7, , 13, 13, 6, 
2019/7/8, , 10, 15, 7, 
2019/7/9, , 8, 14, 9, 
2019/7/10, , 9, 11, 8, 
2019/7/11, , 10, 18, 8, 
2019/7/12, , 12, 9, 6, 
2019/7/13, , 7, 6, 8, 
2019/7/14, , 6, 11, 8, 
2019/7/15, , 13, 13, 8, 
2019/7/16, , 11, 17, 8, 
2019/7/17, , 14, 15, 7, 
2019/7/18, , 13, 15, 7, 
2019/7/19, , 14, 10, 7, 
2019/7/20, , 12, 5, 6, 
2019/7/21, , 12, 14, 7, 
2019/7/22, , 10, 16, 7, 
2019/7/23, , 14, 19, 7, 
2019/7/24, , 18, 17, 7, 
2019/7/25, , 20, 19, 7, 
2019/7/26, , 20, 6, 6, 
2019/7/27, , 12, 7, 4, 
2019/7/28, , 6, 8, 6, 
2019/7/29, , 11, 13, 7, 
2019/7/30, , 16, 13, 6, 
2019/7/31, , 15, 11, 6, 
2019/8/1, , 9, 14, 6, 
2019/8/2, , 12, 6, 7, 
2019/8/3, , 7, 6, 8, 
2019/8/4, , 7, 6, 8, 
2019/8/5, , 9, 8, 7, 
2019/8/6, , 11, 7, 6, 
2019/8/7, , 15, 10, 7, 
2019/8/8, , 10, 10, 8, 
2019/8/9, , 16, 9, 7, 
2019/8/10, , 18, 6, 7, 
2019/8/11, , 9, 11, 7, 
2019/8/12, , 18, 7, , 
2019/8/13, , 4, 11, 8, 
2019/8/14, , 7, 7, 7, 
2019/8/15, , 9, 16, 6, 
2019/8/16, , 9, 7, 6, 
2019/8/17, , 7, 8, 5, 
2019/8/18, , 10, 13, 5, 
2019/8/19, , 12, 20, 5, 
2019/8/20, , 19, 10, 6, 
2019/8/21, , 11, 11, 6, 
2019/8/22, , 10, 11, 2, 
2019/8/23, , 19, 10, 1, 
2019/8/24, , 16, 5, , 
2019/8/25, , 13, 17, 1, 
2019/8/26, , 21, 14, 1, 
2019/8/27, , 24, 17, 2, 
2019/8/28, , 29, 17, 1, 
2019/8/29, , 35, 19, 1, 
2019/8/30, , 22, 17, 1, 
2019/8/31, , 25, 14, 2, 
2019/9/1, , 27, 18, 1, 
2019/9/2, , 31, 18, 1, 
2019/9/3, , 11, 19, 1, 
2019/9/4, , 12, 21, 2, 
2019/9/5, , 17, 18, 1, 
2019/9/6, , 12, 11, 1, 
2019/9/7, , 12, 8, , 
2019/9/8, , 7, 13, 1, 
2019/9/9, , 6, 15, 1, 
2019/9/10, , 7, 17, 1, 
2019/9/11, , 12, 18, 1, 
2019/9/12, , 14, 20, 1, 
2019/9/13, , 14, 17, 1, 
2019/9/14, , 13, 12, 1, 
2019/9/15, , 11, 18, 1, 
2019/9/16, , 16, 14, 1, 
2019/9/17, , 16, 13, 1, 
2019/9/18, , 6, 14, 1, 
2019/9/19, , 10, 14, 1, 
2019/9/20, , 9, 16, 1, 
2019/9/21, , 11, 12, 1, 
2019/9/22, , 16, 15, 1, 
2019/9/23, , 12, 12, 1, 
2019/9/24, , 12, 14, 1, 
2019/9/25, , 15, 11, 1, 
2019/9/26, , 6, 14, 1, 
2019/9/27, , 9, 14, 1, 
2019/9/28, , 10, 9, 1, 
2019/9/29, , 8, 11, 1, 
2019/9/30, , 12, 13, 1, 
2019/4/1, , 23, 25, 10, 
2019/4/2, , 22, 25, 8, 
2019/4/3, , 31, 25, 9, 
2019/4/4, , 21, 19, 8, 
2019/4/5, , 10, 17, 8, 
2019/4/6, , 9, 16, 8, 
2019/4/7, , 14, 16, 7, 
2019/4/8, , 15, 16, 6, 
2019/4/9, , 17, 24, 8, 
2019/4/10, , 25, 18, 7, 
2019/4/11, , 14, 16, 8, 
2019/4/12, , 15, 15, 9, 
2019/4/13, , 14, 10, 9, 
2019/4/14, , 13, 18, 9, 
2019/4/15, , 18, 27, 10, 
2019/4/16, , 23, 26, 10, 
2019/4/17, , 22, 22, 9, 
2019/4/18, , 22, , , 
2019/4/23, , 17, 11, 8, 
2019/4/24, , 28, 13, 7, 
2019/4/25, , 38, 15, 7, 
2019/4/26, , 44, 12, 7, 
2019/4/27, , 12, 12, 9, 
2019/4/28, , 9, 13, 8, 
2019/4/29, , 7, 12, 8, 
2019/4/30, , 7, 10, 8, 
2019/5/1, , 12, 16, 7, 
2019/5/2, , 13, , 6, 
2019/5/3, , 9, , 6, 
2019/5/4, , 6, , 6, 
2019/5/5, , 3, , 7, 
2019/5/6, , 6, , 8, 
2019/5/7, , 10, , 7, 
2019/5/8, , 15, 22, 6, 
2019/5/9, , 9, 16, 7, 
2019/5/10, , 9, 11, 7, 
2019/5/11, , 9, 6, 5, 
2019/5/12, , 6, 4, 2, 
2019/5/13, , 4, 9, 6, 
2019/5/14, , 7, 14, 6, 
2019/5/15, , 5, 14, 7, 
2019/5/16, , 8, 17, 7, 
2019/5/17, , 14, 16, 9, 
2019/5/18, , 27, 11, 6, 
2019/5/19, , 17, 6, 5, 
2019/5/20, , 6, 9, 5, 
2019/5/21, , 6, 13, 6, 
2019/5/22, , 9, 19, 7, 
2019/5/23, , 9, 20, 7, 
2019/5/24, , 13, 15, 7, 
2019/5/25, , 12, 10, 7, 
2019/5/26, , 11, 14, 6, 
2019/5/27, , 8, 12, 6, 
2019/5/28, , 11, 14, 5, 
2019/5/29, , 5, 14, 6, 
2019/5/30, , 7, 16, 7, 
2019/5/31, , 11, 13, 7, 
2019/6/1, , 13, 10, 6, 
2019/6/2, , 10, 16, 6, 
2019/6/3, , 14, 20, 7, 
2019/6/4, , 16, 18, 6, 
2019/6/5, , 17, 7, 5, 
2019/6/6, , 12, 6, 5, 
2019/6/7, , 13, 8, 5, 
2019/6/8, , 17, 9, 7, 
2019/6/9, , 13, 21, 7, 
2019/6/10, , 25, 21, 7, 
2019/6/11, , 27, 20, 8, 
2019/6/12, , 20, 11, 6, 
2019/6/13, , 24, 21, 7, 
2019/6/14, , 18, 23, 6, 
2019/6/15, , 28, 11, 6, 
2019/6/16, , 23, 15, 4, 
2019/6/17, , 14, 16, 5, 
2019/6/18, , 14, 12, 5, 
2019/6/19, , 16, 8, 5, 
2019/6/20, , 16, 12, 6, 
2019/6/21, , 15, 8, 4, 
2019/6/22, , 11, 6, 5, 
2019/6/23, , 6, 8, 6, 
2019/6/24, , 10, 10, 7, 
2019/6/25, , 15, 15, 7, 
2019/6/26, , 19, 12, 6, 
2019/6/27, , 24, 12, 9, 
2019/6/28, , 11, 11, 8, 
2019/6/29, , 12, 12, 8, 
2019/6/30, , 16, 12, 7, 
2019/1/1, , 32, 21, 9, 
2019/1/2, , 32, 13, 9, 
2019/1/3, , 1, 24, 9, 
2019/1/4, , 16, 7, 9, 
2019/1/5, , 11, 23, 8, 
2019/1/6, , 28, 15, 10, 
2019/1/7, , 9, 15, 8, 
2019/1/8, , 22, 35, 9, 
2019/1/9, , 30, 20, 8, 
2019/1/10, , 17, 23, 36, 
2019/1/11, , 20, , , 
2019/1/14, , 29, 24, 8, 
2019/1/15, , 16, 27, 7, 
2019/1/16, , 17, 12, 6, 
2019/1/17, , 9, 24, 7, 
2019/1/18, , 8, 18, 8, 
2019/1/19, , 14, 12, 7, 
2019/1/20, , 17, 20, 8, 
2019/1/21, , 22, 16, 5, 
2019/1/22, , 18, 19, 1, 
2019/1/23, , 31, 20, 1, 
2019/1/24, , 28, 18, 1, 
2019/1/25, , 27, 21, , 
2019/1/26, , 31, 28, 1, 
2019/1/27, , 52, 27, 1, 
2019/1/28, , 21, 26, 2, 
2019/1/29, , 18, 24, 4, 
2019/1/30, , 31, 22, 8, 
2019/1/31, , 26, 23, 9, 
2019/2/1, , 39, 22, 6, 
2019/2/2, , 20, 24, 6, 
2019/2/3, , 17, 16, 7, 
2019/2/4, , 8, 17, 8, 
2019/2/5, , 12, 25, 8, 
2019/2/6, , 21, 34, 9, 
2019/2/7, , 35, 35, 9, 
2019/2/8, , 51, 32, 9, 
2019/2/9, , 57, 20, 7, 
2019/2/10, , 33, 22, 6, 
2019/2/11, , 13, 22, 9, 
2019/2/12, , 20, 26, 8, 
2019/2/13, , 17, 32, 9, 
2019/2/14, , 31, 31, 8, 
2019/2/15, , 30, 25, 8, 
2019/2/16, , 30, 31, 9, 
2019/2/17, , 45, 42, 9, 
2019/2/18, , 54, 39, 8, 
2019/2/19, , 47, 35, 8, 
2019/2/20, , 36, 35, 8, 
2019/2/21, , 33, 24, 6, 
2019/2/22, , 29, 9, 6, 
2019/2/23, , 10, 17, 8, 
2019/2/24, , 16, 27, 8, 
2019/2/25, , 23, 26, 8, 
2019/2/26, , 27, 24, 7, 
2019/2/27, , 16, 24, 7, 
2019/2/28, , 23, 32, 8, 
2019/3/1, , 26, 25, 8, 
2019/3/2, , 30, 12, 6, 
2019/3/3, , 12, 12, 6, 
2019/3/4, , 13, 32, 7, 
2019/3/5, , 20, 20, 7, 
2019/3/6, , 16, 13, 5, 
2019/3/7, , 14, 18, 6, 
2019/3/8, , 18, 13, 7, 
2019/3/9, , 11, 5, 6, 
2019/3/10, , 8, 19, 6, 
2019/3/11, , 9, 19, 7, 
2019/3/12, , 9, 20, 7, 
2019/3/13, , 14, 15, 6, 
2019/3/14, , 10, 23, 6, 
2019/3/15, , 15, 21, 6, 
2019/3/16, , 17, 7, 6, 
2019/3/17, , 11, 18, 5, 
2019/3/18, , 11, 17, 7, 
2019/3/19, , 7, 14, 7, 
2019/3/20, , 10, 24, 8, 
2019/3/21, , 18, 32, 8, 
2019/3/22, , 29, 29, 8, 
2019/3/23, , 30, 24, 7, 
2019/3/24, , 29, 21, 6, 
2019/3/25, , 23, 15, 6, 
2019/3/26, , 7, 22, 8, 
2019/3/27, , 16, 16, 7, 
2019/3/28, , 11, 19, 8, 
2019/3/29, , 10, 28, 10, 
2019/3/30, , 25, 28, 11, 
2019/3/31, , 28, 23, 9, 
2018/10/1, , 23, 17, 5, 
2018/10/2, , 9, 21, 8, 
2018/10/3, , 16, 26, 7, 
2018/10/4, , 22, 28, 9, 
2018/10/5, , 31, 26, 6, 
2018/10/6, , 45, 16, 5, 
2018/10/7, , 31, 15, 5, 
2018/10/8, , 23, 24, 7, 
2018/10/9, , 33, 26, 7, 
2018/10/10, , 35, 29, 7, 
2018/10/11, , 42, 29, 7, 
2018/10/12, , 46, 25, 7, 
2018/10/13, , 44, 21, 6, 
2018/10/14, , 38, 25, 7, 
2018/10/15, , 44, 19, 6, 
2018/10/16, , 41, 30, 7, 
2018/10/17, , 50, 29, 6, 
2018/10/18, , 53, 26, 7, 
2018/10/19, , 40, , , 
2018/10/22, , 19, 21, 7, 
2018/10/23, , 22, 19, 7, 
2018/10/24, , 19, 14, 5, 
2018/10/25, , 14, 20, 7, 
2018/10/26, , 22, , , 
2018/10/28, , 12, 20, 6, 
2018/10/29, , 14, 11, 4, 
2018/10/30, , 11, 30, 7, 
2018/10/31, , 22, 19, 6, 
2018/11/1, , 33, 17, 5, 
2018/11/2, , 19, 12, 5, 
2018/11/3, , 28, 10, 7, 
2018/11/4, , 29, 14, 7, 
2018/11/5, , 41, 17, 7, 
2018/11/6, , 45, 15, 7, 
2018/11/7, , 28, 7, 6, 
2018/11/8, , 17, 18, 7, 
2018/11/9, , 27, 12, 6, 
2018/11/10, , 15, 15, 6, 
2018/11/11, , 17, 16, 4, 
2018/11/12, , 16, 17, 5, 
2018/11/13, , 16, 25, 7, 
2018/11/14, , 22, 24, 8, 
2018/11/15, , 24, 17, 8, 
2018/11/16, , 12, 12, 8, 
2018/11/17, , 12, 11, 9, 
2018/11/18, , 15, 13, 9, 
2018/11/19, , 16, 14, 7, 
2018/11/20, , 15, 13, 8, 
2018/11/21, , 18, 14, 8, 
2018/11/22, , 23, 13, 8, 
2018/11/23, , 19, 13, 9, 
2018/11/24, , 37, 11, 6, 
2018/11/25, , 26, 12, 7, 
2018/11/26, , 7, 12, 7, 
2018/11/27, , 8, 18, 8, 
2018/11/28, , 12, 25, 11, 
2018/11/29, , 25, 18, 10, 
2018/11/30, , 25, 19, 10, 
2018/12/1, , 37, 22, 9, 
2018/12/2, , 52, 22, 7, 
2018/12/3, , 30, 27, 9, 
2018/12/4, , 40, 27, 10, 
2018/12/5, , 21, 28, 10, 
2018/12/6, , 37, 19, 8, 
2018/12/7, , 32, 17, 6, 
2018/12/8, , 13, 18, 7, 
2018/12/9, , 16, 19, 8, 
2018/12/10, , 20, 25, 7, 
2018/12/11, , 20, 26, 9, 
2018/12/12, , 30, 22, 10, 
2018/12/13, , 21, 16, 8, 
2018/12/14, , 10, 8, 8, 
2018/12/15, , 9, , , 
2018/12/16, , 23, 32, 12, 
2018/12/17, , 43, 31, 9, 
2018/12/18, , 40, 21, 9, 
2018/12/19, , 46, 22, 9, 
2018/12/20, , 49, 17, 9, 
2018/12/21, , 48, 20, 7, 
2018/12/22, , 9, 18, 6, 
2018/12/23, , 15, 17, 6, 
2018/12/24, , 5, , , 
2018/7/1, , 8, 13, 3, 
2018/7/2, , 13, 15, 3, 
2018/7/3, , 21, 18, 2, 
2018/7/4, , 14, 17, 2, 
2018/7/5, , 16, 12, , 
2018/7/6, , 7, 7, , 
2018/7/7, , 11, 9, 2, 
2018/7/8, , 10, 9, , 
2018/7/9, , 13, 17, , 
2018/7/10, , 25, 13, 2, 
2018/7/11, , 11, 12, , 
2018/7/12, , 10, 16, , 
2018/7/13, , 10, 11, 2, 
2018/7/14, , 13, 11, , 
2018/7/15, , 9, 14, , 
2018/7/16, , 14, 12, 2, 
2018/7/17, , 10, 11, , 
2018/7/18, , 12, 17, , 
2018/7/19, , 20, 18, , 
2018/7/20, , 19, 12, , 
2018/7/21, , 12, 8, , 
2018/7/22, , 13, 17, , 
2018/7/23, , 15, 11, , 
2018/7/24, , 17, 11, , 
2018/7/25, , 16, 11, , 
2018/7/26, , 11, 17, , 
2018/7/27, , 15, 12, , 
2018/7/28, , 19, , , 
2018/7/30, , 19, 17, , 
2018/7/31, , 21, 17, , 
2018/8/1, , 22, 10, , 
2018/8/2, , 16, 19, , 
2018/8/3, , 18, 12, , 
2018/8/4, , 15, 12, , 
2018/8/5, , 15, 16, , 
2018/8/6, , 20, 17, 4, 
2018/8/7, , 29, 17, 3, 
2018/8/8, , 26, 18, 5, 
2018/8/9, , 37, 17, 1, 
2018/8/10, , 40, 7, , 
2018/8/11, , 9, 10, , 
2018/8/12, , 10, 10, , 
2018/8/13, , 16, 9, , 
2018/8/14, , 10, 7, , 
2018/8/15, , 7, 11, , 
2018/8/16, , 10, 17, , 
2018/8/17, , 17, 16, , 
2018/8/18, , 22, 14, , 
2018/8/19, , 18, 22, , 
2018/8/20, , 18, 21, , 
2018/8/21, , 22, 24, , 
2018/8/22, , 22, 25, , 
2018/8/23, , 28, 16, , 
2018/8/24, , 26, 12, , 
2018/8/25, , 18, , , 
2018/8/31, , 10, 17, , 
2018/9/1, , 15, 4, , 
2018/9/2, , 5, 16, 3, 
2018/9/3, , 11, 12, 3, 
2018/9/4, , 8, 16, 4, 
2018/9/5, , 15, 18, 5, 
2018/9/6, , 20, 18, 4, 
2018/9/7, , 18, 12, 4, 
2018/9/8, , 11, , , 
2018/9/10, , 30, 20, 5, 
2018/9/11, , 14, 26, 5, 
2018/9/12, , 26, 28, 6, 
2018/9/13, , 25, 27, 6, 
2018/9/14, , 30, , , 
2018/9/17, , 20, 26, 7, 
2018/9/18, , 22, 29, 6, 
2018/9/19, , 25, 29, 6, 
2018/9/20, , 21, 25, 5, 
2018/9/21, , 28, 11, 4, 
2018/9/22, , 13, 10, 7, 
2018/9/23, , 9, 14, 5, 
2018/9/24, , 7, 15, 7, 
2018/9/25, , 7, 21, 7, 
2018/9/26, , 12, 24, 7, 
2018/9/27, , 18, 31, 9, 
2018/9/28, , 29, 14, 6, 
2018/9/29, , 15, 19, 6, 
2018/9/30, , 14, 27, 8, 
2018/4/1, , 6, 8, , 
2018/4/2, , 5, 7, , 
2018/4/3, , 8, 12, , 
2018/4/4, , 12, 11, , 
2018/4/5, , 8, 20, , 
2018/4/6, , 10, 20, , 
2018/4/7, , 15, 19, 1, 
2018/4/8, , 16, 24, 1, 
2018/4/9, , 23, 15, , 
2018/4/10, , 11, 25, 1, 
2018/4/11, , 14, 27, 1, 
2018/4/12, , 26, 11, , 
2018/4/13, , 14, 20, 1, 
2018/4/14, , 19, 16, 1, 
2018/4/15, , 30, 18, 1, 
2018/4/16, , 37, 18, , 
2018/4/17, , 15, 18, , 
2018/4/18, , 17, 25, 1, 
2018/4/19, , 20, 23, , 
2018/4/20, , 17, 25, 1, 
2018/4/21, , 24, 18, , 
2018/4/22, , 15, 20, 1, 
2018/4/23, , 20, 24, , 
2018/4/24, , 22, 13, , 
2018/4/25, , 24, 12, , 
2018/4/26, , 20, 16, , 
2018/4/27, , 11, 22, 1, 
2018/4/28, , 33, 25, , 
2018/4/29, , 35, 11, , 
2018/4/30, , 19, 6, , 
2018/5/1, , 12, 20, 1, 
2018/5/2, , 24, 15, 1, 
2018/5/3, , 19, 15, , 
2018/5/4, , 20, 11, , 
2018/5/5, , 19, , , 
2018/5/6, , 15, 21, 1, 
2018/5/7, , 15, 20, , 
2018/5/8, , 15, 21, , 
2018/5/9, , 24, 22, , 
2018/5/10, , 21, 17, 1, 
2018/5/11, , 17, 14, 1, 
2018/5/12, , 21, 10, , 
2018/5/13, , 12, 11, , 
2018/5/14, , 11, , , 
2018/5/15, , 6, , , 
2018/5/16, , 15, , , 
2018/5/17, , 8, , , 
2018/5/18, , 12, , , 
2018/5/19, , 12, , , 
2018/5/20, , 12, , , 
2018/5/21, , 12, , 1, 
2018/5/22, , 19, 15, 1, 
2018/5/23, , 20, 14, , 
2018/5/24, , 19, 18, , 
2018/5/25, , 16, 13, , 
2018/5/26, , 12, 14, , 
2018/5/27, , 19, 21, 3, 
2018/5/28, , 26, 20, 5, 
2018/5/29, , 31, 18, 2, 
2018/5/30, , 27, , , 
2018/6/15, , 12, 9, 2, 
2018/6/16, , 13, 12, 3, 
2018/6/17, , 14, 10, 3, 
2018/6/18, , 12, 10, 2, 
2018/6/19, , 10, 15, , 
2018/6/20, , 14, 11, , 
2018/6/21, , 19, 5, 2, 
2018/6/22, , 5, 7, 2, 
2018/6/23, , 7, 6, 2, 
2018/6/24, , 10, 5, 2, 
2018/6/25, , 5, 9, 2, 
2018/6/26, , 8, 7, 3, 
2018/6/27, , 7, 14, 3, 
2018/6/28, , 7, 15, 2, 
2018/6/29, , 8, 11, 2, 
2018/6/30, , 12, 6, 3, 
2018/1/1, , 11, 22, , 
2018/1/2, , 12, 20, , 
2018/1/3, , 16, 28, 1, 
2018/1/4, , 31, 22, , 
2018/1/5, , 19, 13, , 
2018/1/6, , 10, 26, 1, 
2018/1/7, , 28, 33, 2, 
2018/1/8, , 48, 18, 1, 
2018/1/9, , 38, 21, , 
2018/1/10, , 21, 20, , 
2018/1/11, , 14, 13, 1, 
2018/1/12, , 13, , , 
2018/1/14, , 13, 18, 2, 
2018/1/15, , 20, 15, 2, 
2018/1/16, , 19, 25, 1, 
2018/1/17, , 15, 24, 1, 
2018/1/18, , 18, 26, , 
2018/1/19, , 9, 16, , 
2018/1/20, , 7, 16, , 
2018/1/21, , 13, 24, 1, 
2018/1/22, , 16, 35, 2, 
2018/1/23, , 35, 34, 2, 
2018/1/24, , 34, 24, 1, 
2018/1/25, , 22, 22, 1, 
2018/1/26, , 15, 23, 1, 
2018/1/27, , 26, 10, , 
2018/1/28, , 23, 21, 1, 
2018/1/29, , 29, 27, 1, 
2018/1/30, , 27, 24, 1, 
2018/1/31, , 23, 14, , 
2018/2/1, , 9, 31, , 
2018/2/2, , 13, 23, , 
2018/2/3, , 13, 20, , 
2018/2/4, , 11, 29, , 
2018/2/5, , 23, 19, 1, 
2018/2/6, , 17, 24, 2, 
2018/2/7, , 25, 30, 1, 
2018/2/8, , 27, 25, 1, 
2018/2/9, , 38, 16, 1, 
2018/2/10, , 24, 15, 1, 
2018/2/11, , 21, 41, 2, 
2018/2/12, , 56, 18, , 
2018/2/13, , 7, 15, 1, 
2018/2/14, , 10, 29, 1, 
2018/2/15, , 27, 27, 2, 
2018/2/16, , 30, 29, 3, 
2018/2/17, , 42, 17, 1, 
2018/2/18, , 24, 18, 1, 
2018/2/19, , 14, 14, , 
2018/2/20, , 8, 14, 1, 
2018/2/21, , 19, 16, 1, 
2018/2/22, , 17, 20, 1, 
2018/2/23, , 11, 16, 2, 
2018/2/24, , 22, 9, 2, 
2018/2/25, , 15, 11, 2, 
2018/2/26, , 20, 13, 2, 
2018/2/27, , 23, 30, 2, 
2018/2/28, , 40, 40, 5, 
2018/3/1, , 58, 38, 7, 
2018/3/2, , 56, 25, 3, 
2018/3/3, , 49, 27, 1, 
2018/3/4, , 52, 29, 4, 
2018/3/5, , 46, 49, 3, 
2018/3/6, , 35, 27, 1, 
2018/3/7, , 29, 28, 1, 
2018/3/8, , 19, 22, 1, 
2018/3/9, , 21, 9, , 
2018/3/10, , 10, 17, 1, 
2018/3/11, , 13, 16, , 
2018/3/12, , 11, 22, , 
2018/3/13, , 15, 21, , 
2018/3/14, , 11, 20, , 
2018/3/15, , 12, 24, , 
2018/3/16, , 12, 22, , 
2018/3/17, , 14, 10, , 
2018/3/18, , 12, 15, , 
2018/3/19, , 14, 21, 1, 
2018/3/20, , 25, 19, 1, 
2018/3/21, , 18, 22, 1, 
2018/3/22, , 15, 25, 1, 
2018/3/23, , 18, 21, 1, 
2018/3/24, , 22, 15, 5, 
2018/3/25, , 25, 27, 3, 
2018/3/26, , 32, 23, 1, 
2018/3/27, , 24, 24, 1, 
2018/3/28, , 25, 20, , 
2018/3/29, , 14, 30, 1, 
2018/3/30, , 18, 21, , 
2018/3/31, , 7, 8, , 
2017/10/1, , 27, 29, 1, 
2017/10/2, , 34, 23, , 
2017/10/3, , 25, 20, , 
2017/10/4, , 14, 15, , 
2017/10/5, , 15, 26, , 
2017/10/6, , 10, 17, , 
2017/10/7, , 10, 17, , 
2017/10/8, , 15, 19, , 
2017/10/9, , 15, 23, 1, 
2017/10/10, , 17, 21, 1, 
2017/10/11, , 22, 24, , 
2017/10/12, , 26, 29, 1, 
2017/10/13, , 30, 23, 1, 
2017/10/14, , 30, 21, , 
2017/10/15, , 29, 29, 1, 
2017/10/16, , 30, 31, 1, 
2017/10/17, , 36, 26, 1, 
2017/10/18, , 31, 32, 1, 
2017/10/19, , 26, 23, , 
2017/10/20, , 22, 18, , 
2017/10/21, , 19, 16, , 
2017/10/22, , 17, 13, , 
2017/10/23, , 5, 11, , 
2017/10/24, , 5, 22, 1, 
2017/10/25, , 16, 27, 1, 
2017/10/26, , 24, 25, 1, 
2017/10/27, , 27, 19, , 
2017/10/28, , 13, 9, , 
2017/10/29, , 10, 21, , 
2017/10/30, , 10, 27, 1, 
2017/10/31, , 17, 25, 1, 
2017/11/1, , 34, 26, 1, 
2017/11/2, , 28, 24, 1, 
2017/11/3, , 21, 26, 1, 
2017/11/4, , 34, 25, 1, 
2017/11/5, , 26, 16, 1, 
2017/11/6, , 18, 20, 2, 
2017/11/7, , 19, 20, 1, 
2017/11/8, , 20, 19, 1, 
2017/11/9, , 19, 23, 1, 
2017/11/10, , 28, 23, 1, 
2017/11/11, , 35, 18, , 
2017/11/12, , 17, 16, , 
2017/11/13, , 6, 13, , 
2017/11/14, , 6, 17, , 
2017/11/15, , 12, 22, 1, 
2017/11/16, , 24, 18, 1, 
2017/11/17, , 20, 16, 1, 
2017/11/18, , 16, 15, , 
2017/11/19, , 25, 24, 1, 
2017/11/20, , 24, 23, 1, 
2017/11/21, , 24, , , 
2017/11/23, , 14, 24, 1, 
2017/11/24, , 20, 31, 1, 
2017/11/25, , 25, 14, , 
2017/11/26, , 8, 27, 1, 
2017/11/27, , 18, 25, 1, 
2017/11/28, , 26, 30, 1, 
2017/11/29, , 26, 22, 1, 
2017/11/30, , 15, 20, 1, 
2017/12/1, , 11, 18, 1, 
2017/12/2, , 13, 19, 1, 
2017/12/3, , 18, 24, 1, 
2017/12/4, , 31, 26, 1, 
2017/12/5, , 30, 48, 4, 
2017/12/6, , 56, 32, 2, 
2017/12/7, , 55, 17, , 
2017/12/8, , 9, 24, , 
2017/12/9, , 12, 16, , 
2017/12/10, , 12, 16, , 
2017/12/11, , 7, 19, , 
2017/12/12, , 10, 16, , 
2017/12/13, , 8, 14, , 
2017/12/14, , 11, 25, , 
2017/12/15, , 7, 19, , 
2017/12/16, , 10, 21, , 
2017/12/17, , 16, 25, 1, 
2017/12/18, , 26, 25, 1, 
2017/12/19, , 29, 26, 2, 
2017/12/20, , 48, 24, 1, 
2017/12/21, , 22, 33, 2, 
2017/12/22, , 39, 22, 1, 
2017/12/23, , 33, 30, 1, 
2017/12/24, , 38, 32, 1, 
2017/12/25, , 56, 8, , 
2017/12/26, , 8, 36, 1, 
2017/12/27, , 23, 24, , 
2017/12/28, , 10, 22, 1, 
2017/12/29, , 17, 20, 1, 
2017/12/30, , 28, , , 
2017/7/1, , 8, 11, , 
2017/7/2, , 11, 14, , 
2017/7/3, , 7, 21, , 
2017/7/4, , 12, 26, , 
2017/7/5, , 13, 27, , 
2017/7/6, , 19, 22, , 
2017/7/7, , 19, 18, , 
2017/7/8, , 17, 17, , 
2017/7/9, , 17, 17, , 
2017/7/10, , 20, 11, , 
2017/7/11, , 16, 15, , 
2017/7/12, , 11, 17, , 
2017/7/13, , 9, 15, , 
2017/7/14, , 11, 13, , 
2017/7/15, , 11, 9, , 
2017/7/16, , 7, 20, , 
2017/7/17, , 11, 26, , 
2017/7/18, , 13, 22, , 
2017/7/19, , 18, 15, , 
2017/7/20, , 17, 20, , 
2017/7/21, , 13, 17, , 
2017/7/22, , 16, 9, , 
2017/7/23, , 18, 15, , 
2017/7/24, , 14, 11, , 
2017/7/25, , 6, 13, , 
2017/7/26, , 7, 17, , 
2017/7/27, , 9, 19, , 
2017/7/28, , 12, 12, , 
2017/7/29, , 11, 11, , 
2017/7/30, , 11, 17, , 
2017/7/31, , 11, 21, , 
2017/8/1, , 19, 23, , 
2017/8/2, , 26, 18, , 
2017/8/3, , 17, 30, , 
2017/8/4, , 29, 11, , 
2017/8/5, , 15, 7, , 
2017/8/6, , 8, 10, , 
2017/8/7, , 8, 14, , 
2017/8/8, , 18, 26, 1, 
2017/8/9, , 33, 21, , 
2017/8/10, , 29, 10, , 
2017/8/11, , 16, 9, , 
2017/8/12, , 7, 9, , 
2017/8/13, , 6, 15, , 
2017/8/14, , 8, 16, , 
2017/8/15, , 11, 22, , 
2017/8/16, , 16, 21, , 
2017/8/17, , 16, 27, , 
2017/8/18, , 18, 19, , 
2017/8/19, , 19, 9, , 
2017/8/20, , 5, 17, , 
2017/8/21, , 9, 21, , 
2017/8/22, , 12, 26, , 
2017/8/23, , 18, , , 
2017/8/24, , 17, 17, , 
2017/8/25, , 18, 20, , 
2017/8/26, , 18, 19, , 
2017/8/27, , 20, 19, , 
2017/8/28, , 10, 20, , 
2017/8/29, , 12, 30, , 
2017/8/30, , 18, 19, , 
2017/8/31, , 16, 17, , 
2017/9/1, , 15, 13, , 
2017/9/2, , 5, 9, , 
2017/9/3, , 5, 12, , 
2017/9/4, , 6, 20, , 
2017/9/5, , 10, 36, , 
2017/9/6, , 16, , , 
2017/9/11, , 14, 15, , 
2017/9/12, , 6, 11, , 
2017/9/13, , 5, 13, , 
2017/9/14, , 10, 18, , 
2017/9/15, , 7, 16, , 
2017/9/16, , 8, 18, , 
2017/9/17, , 8, 17, , 
2017/9/18, , 10, 17, , 
2017/9/19, , 4, 18, , 
2017/9/20, , 11, 16, , 
2017/9/21, , 7, 19, , 
2017/9/22, , 11, 23, , 
2017/9/23, , 18, 14, , 
2017/9/24, , 11, 18, , 
2017/9/25, , 12, 17, , 
2017/9/26, , 14, 20, , 
2017/9/27, , 21, 24, 2, 
2017/9/28, , 25, 26, 2, 
2017/9/29, , 25, 23, 3, 
2017/9/30, , 26, 24, 1, 
2017/4/1, , 22, 20, , 
2017/4/2, , 18, 24, 1, 
2017/4/3, , 22, 14, 1, 
2017/4/4, , 18, 19, , 
2017/4/5, , 15, 16, , 
2017/4/6, , 10, 16, , 
2017/4/7, , 10, 14, , 
2017/4/8, , 10, 18, , 
2017/4/9, , 13, 21, , 
2017/4/10, , 14, 18, , 
2017/4/11, , 13, 21, , 
2017/4/12, , 14, 19, , 
2017/4/13, , 15, 15, , 
2017/4/14, , 13, 7, , 
2017/4/15, , 9, 9, , 
2017/4/16, , 12, 11, , 
2017/4/17, , 15, 23, , 
2017/4/18, , 9, , , 
2017/4/19, , 6, , , 
2017/4/20, , 8, , , 
2017/4/21, , 13, , , 
2017/4/22, , 19, , , 
2017/4/23, , 6, , , 
2017/4/24, , 10, , , 
2017/4/25, , 12, , , 
2017/4/26, , 13, , , 
2017/4/27, , 17, , , 
2017/4/28, , 16, , , 
2017/4/29, , 8, , , 
2017/4/30, , 14, , 1, 
2017/5/1, , 14, , , 
2017/5/2, , 19, , , 
2017/5/3, , 13, , , 
2017/5/4, , 10, , , 
2017/5/5, , 7, , , 
2017/5/6, , 8, , , 
2017/5/8, , 10, 19, , 
2017/5/9, , 7, 12, , 
2017/5/10, , 8, 14, , 
2017/5/11, , 9, 18, , 
2017/5/12, , 20, 6, , 
2017/5/13, , 12, , , 
2017/5/15, , 7, 16, , 
2017/5/16, , 12, 18, , 
2017/5/17, , 12, 24, 1, 
2017/5/18, , 17, 16, 1, 
2017/5/19, , 17, 15, , 
2017/5/20, , 10, 7, , 
2017/5/21, , 9, 19, , 
2017/5/22, , 18, 20, , 
2017/5/23, , 15, 18, , 
2017/5/24, , 13, 18, , 
2017/5/25, , 9, 14, , 
2017/5/26, , 19, 13, , 
2017/5/27, , 11, 17, , 
2017/5/28, , 12, 21, , 
2017/5/29, , 17, 25, , 
2017/5/30, , 24, 13, , 
2017/5/31, , 15, , , 
2017/6/5, , 11, 17, , 
2017/6/6, , 16, 14, , 
2017/6/7, , 9, 13, , 
2017/6/8, , 5, 21, , 
2017/6/9, , 12, 20, , 
2017/6/10, , 14, 11, , 
2017/6/11, , 8, 19, , 
2017/6/12, , 14, 24, , 
2017/6/13, , 18, 17, , 
2017/6/14, , 13, 14, , 
2017/6/15, , 17, 23, , 
2017/6/16, , 17, 10, , 
2017/6/17, , 9, 6, , 
2017/6/18, , 6, 18, , 
2017/6/19, , 15, 19, , 
2017/6/20, , 19, 21, , 
2017/6/21, , 16, 8, , 
2017/6/22, , 13, 11, , 
2017/6/23, , 19, 14, , 
2017/6/24, , 21, 14, , 
2017/6/25, , 17, 13, , 
2017/6/26, , 10, 21, , 
2017/6/27, , 16, 18, , 
2017/6/28, , 19, 7, , 
2017/6/29, , 7, 12, , 
2017/6/30, , 8, 7, , 
2017/1/2, , 67, 22, 1, 
2017/1/3, , 25, 22, , 
2017/1/4, , 26, 22, 1, 
2017/1/5, , 30, 2, , 
2017/1/6, , 4, 12, , 
2017/1/7, , 11, 15, , 
2017/1/8, , 28, 23, 1, 
2017/1/9, , 25, 17, 5, 
2017/1/10, , 27, 24, 3, 
2017/1/11, , 38, 24, 2, 
2017/1/12, , 55, 38, 1, 
2017/1/13, , 20, 18, , 
2017/1/14, , 11, , , 
2017/1/16, , 4, 11, 1, 
2017/1/17, , 66, 14, 2, 
2017/1/18, , 18, 22, 3, 
2017/1/19, , 28, 43, 7, 
2017/1/20, , 58, 33, 8, 
2017/1/21, , 66, 11, 15, 
2017/1/22, , 32, 47, 4, 
2017/1/23, , 96, 25, 4, 
2017/1/24, , 68, 25, 2, 
2017/1/25, , 46, 22, 1, 
2017/1/26, , 46, 37, 5, 
2017/1/27, , 57, 26, 9, 
2017/1/28, , 69, 20, 12, 
2017/1/29, , 63, 24, 7, 
2017/1/30, , 51, 29, 3, 
2017/1/31, , 70, 43, 9, 
2017/2/1, , 82, 40, 3, 
2017/2/2, , 55, 21, 1, 
2017/2/3, , 14, 15, , 
2017/2/4, , 11, 5, , 
2017/2/6, , 4, 17, , 
2017/2/7, , 17, 18, 1, 
2017/2/8, , 24, 17, 1, 
2017/2/9, , 31, 18, 4, 
2017/2/10, , 30, 17, 3, 
2017/2/11, , 36, 15, 5, 
2017/2/12, , 45, 22, 4, 
2017/2/13, , 36, 32, 4, 
2017/2/14, , 46, 39, 3, 
2017/2/15, , 50, 46, 4, 
2017/2/16, , 59, 36, 2, 
2017/2/17, , 58, 20, , 
2017/2/18, , 19, 25, , 
2017/2/19, , 15, 33, 1, 
2017/2/20, , 32, 24, , 
2017/2/21, , 19, 21, , 
2017/2/22, , 22, 10, , 
2017/2/23, , 10, 14, , 
2017/2/24, , 9, 20, , 
2017/2/25, , 9, 25, 4, 
2017/2/26, , 25, 22, 1, 
2017/2/27, , 31, 6, , 
2017/2/28, , 13, 18, , 
2017/3/1, , 11, 21, , 
2017/3/2, , 14, 27, 1, 
2017/3/3, , 17, 17, 1, 
2017/3/4, , 20, 9, , 
2017/3/5, , 5, 18, , 
2017/3/6, , 8, 15, , 
2017/3/7, , 6, 8, , 
2017/3/8, , 5, 42, 1, 
2017/3/9, , 24, 21, , 
2017/3/10, , 17, 13, , 
2017/3/11, , 11, 20, , 
2017/3/12, , 15, 33, 1, 
2017/3/13, , 29, 37, 1, 
2017/3/14, , 35, 35, 1, 
2017/3/15, , 33, 33, 1, 
2017/3/16, , 29, 37, 1, 
2017/3/17, , 42, 14, , 
2017/3/18, , 20, 13, , 
2017/3/19, , 10, 22, , 
2017/3/20, , 17, 14, , 
2017/3/21, , 16, 20, , 
2017/3/22, , 18, 22, , 
2017/3/23, , 19, 18, , 
2017/3/24, , 16, 14, 1, 
2017/3/25, , 17, 21, , 
2017/3/26, , 20, 18, , 
2017/3/27, , 9, 31, 1, 
2017/3/28, , 24, 30, 1, 
2017/3/29, , 26, 39, 1, 
2017/3/30, , 36, 30, 1, 
2017/3/31, , 22, 25, 2, 
2016/10/1, , 13, 14, , 
2016/10/2, , 11, 17, , 
2016/10/3, , 9, 13, , 
2016/10/4, , 10, 16, , 
2016/10/5, , 8, 16, , 
2016/10/6, , 14, 11, , 
2016/10/7, , 22, 14, , 
2016/10/8, , 14, 17, , 
2016/10/9, , 16, 16, , 
2016/10/10, , 9, 13, , 
2016/10/11, , 7, 13, , 
2016/10/12, , 11, 23, , 
2016/10/13, , 23, 24, 6, 
2016/10/14, , 23, 19, 1, 
2016/10/15, , 27, 13, , 
2016/10/16, , 26, 20, , 
2016/10/17, , 27, 13, , 
2016/10/18, , 17, 14, , 
2016/10/19, , 19, 16, , 
2016/10/20, , 13, 20, , 
2016/10/21, , 9, 20, , 
2016/10/22, , 17, 12, , 
2016/10/23, , 18, 25, 1, 
2016/10/24, , 41, 24, , 
2016/10/25, , 28, 18, , 
2016/10/26, , 13, 20, , 
2016/10/27, , 19, 23, 1, 
2016/10/28, , 23, 24, , 
2016/10/29, , 33, 19, , 
2016/10/30, , 21, 25, , 
2016/10/31, , 23, 26, , 
2016/11/1, , 33, 25, , 
2016/11/2, , 25, 22, , 
2016/11/3, , 11, 24, 1, 
2016/11/4, , 27, 30, 1, 
2016/11/5, , 43, 8, , 
2016/11/6, , 8, 16, , 
2016/11/7, , 8, 16, , 
2016/11/8, , 8, 21, , 
2016/11/9, , 16, 25, 1, 
2016/11/10, , 25, 25, 1, 
2016/11/11, , 29, 11, , 
2016/11/12, , 5, 14, , 
2016/11/13, , 17, 28, 1, 
2016/11/14, , 21, 29, 1, 
2016/11/15, , 31, 24, 1, 
2016/11/16, , 34, 17, , 
2016/11/17, , 24, 27, 1, 
2016/11/18, , 24, 22, 1, 
2016/11/19, , 25, 23, 1, 
2016/11/20, , 26, 33, 2, 
2016/11/21, , 44, 35, 3, 
2016/11/22, , 41, 38, 4, 
2016/11/23, , 48, 40, 4, 
2016/11/24, , 56, 28, 3, 
2016/11/25, , 55, 17, 2, 
2016/11/26, , 51, 17, 1, 
2016/11/27, , 16, 16, , 
2016/11/28, , 7, 18, 1, 
2016/11/29, , 14, 27, , 
2016/11/30, , 27, 33, 1, 
2016/12/1, , 46, 38, 2, 
2016/12/2, , 51, 40, 2, 
2016/12/3, , 32, 26, 2, 
2016/12/4, , 29, 21, 3, 
2016/12/5, , 32, 46, 3, 
2016/12/6, , 75, 28, 1, 
2016/12/7, , 46, 18, , 
2016/12/8, , 28, 29, 1, 
2016/12/9, , 47, 58, 3, 
2016/12/10, , 91, 29, 2, 
2016/12/11, , 58, 37, 2, 
2016/12/12, , 53, 26, 1, 
2016/12/13, , 20, 42, 3, 
2016/12/14, , 53, 34, 2, 
2016/12/15, , 58, 22, , 
2016/12/16, , 22, 23, , 
2016/12/17, , 41, 23, , 
2016/12/18, , 46, 17, , 
2016/12/19, , 34, 19, 2, 
2016/12/20, , 33, 15, 8, 
2016/12/21, , 30, 13, 12, 
2016/12/22, , 28, 14, 2, 
2016/12/23, , 33, 16, , 
2016/12/24, , 45, , , 
2016/12/27, , 42, 20, , 
2016/12/28, , 17, 18, , 
2016/12/29, , 11, 36, 1, 
2016/12/30, , 36, 39, 2, 
2016/12/31, , 63, 40, 3, 
2017/1/1, , 94, 50, 3, 
2016/7/1, , 17, 17, , 
2016/7/2, , 20, 7, , 
2016/7/3, , 11, 13, , 
2016/7/4, , 8, 20, , 
2016/7/5, , 16, 18, , 
2016/7/6, , 15, 14, , 
2016/7/7, , 9, 18, 1, 
2016/7/8, , 15, 19, , 
2016/7/9, , 17, , , 
2016/7/11, , 21, 20, , 
2016/7/12, , 22, 17, , 
2016/7/13, , 20, 11, , 
2016/7/14, , 7, 10, , 
2016/7/15, , 6, 4, , 
2016/7/16, , 5, 5, , 
2016/7/17, , 8, 15, , 
2016/7/18, , 9, 18, , 
2016/7/19, , 19, 18, , 
2016/7/20, , 21, 17, , 
2016/7/21, , 13, 19, , 
2016/7/22, , 16, 12, , 
2016/7/23, , 20, 11, , 
2016/7/24, , 20, 16, , 
2016/7/25, , 18, 15, , 
2016/7/26, , 16, 17, , 
2016/7/27, , 17, 13, , 
2016/7/28, , 12, 15, , 
2016/7/29, , 11, 13, , 
2016/7/30, , 15, 8, , 
2016/7/31, , 14, 10, , 
2016/8/1, , 8, 10, , 
2016/8/2, , 9, 16, , 
2016/8/3, , 16, 14, 2, 
2016/8/4, , 16, 7, 2, 
2016/8/5, , 18, 4, , 
2016/8/6, , 7, 5, , 
2016/8/7, , 7, 14, , 
2016/8/8, , 12, 15, , 
2016/8/9, , 15, 8, , 
2016/8/10, , 4, 10, , 
2016/8/11, , 6, 12, , 
2016/8/12, , 10, 10, , 
2016/8/13, , 11, 9, , 
2016/8/14, , 10, , , 
2016/8/16, , 28, 12, , 
2016/8/17, , 25, 13, , 
2016/8/18, , 15, 16, , 
2016/8/19, , 18, 11, , 
2016/8/20, , 16, 10, , 
2016/8/21, , 19, 10, , 
2016/8/22, , 8, 9, , 
2016/8/23, , 7, 14, , 
2016/8/24, , 15, 17, , 
2016/8/25, , 15, 20, , 
2016/8/26, , 16, 17, , 
2016/8/27, , 21, , , 
2016/8/29, , 24, 16, , 
2016/8/30, , 13, 18, , 
2016/8/31, , 13, 23, , 
2016/9/1, , 18, 27, , 
2016/9/2, , 26, 23, , 
2016/9/3, , 21, 19, , 
2016/9/4, , 22, 17, , 
2016/9/5, , 9, 10, , 
2016/9/6, , 7, 11, , 
2016/9/7, , 16, 18, 2, 
2016/9/8, , 23, , , 
2016/9/9, , 25, , , 
2016/9/10, , 24, , 1, 
2016/9/11, , 24, , , 
2016/9/12, , 29, 35, , 
2016/9/13, , 29, 22, 1, 
2016/9/14, , 38, 21, , 
2016/9/15, , 30, 11, , 
2016/9/16, , 19, 8, , 
2016/9/17, , 5, 12, , 
2016/9/18, , 9, 10, , 
2016/9/19, , 8, 9, , 
2016/9/20, , 14, 13, , 
2016/9/21, , 12, 19, , 
2016/9/22, , 19, 19, , 
2016/9/23, , 18, 17, , 
2016/9/24, , 22, , , 
2016/9/25, , 16, , , 
2016/9/26, , 25, 23, , 
2016/9/27, , 20, 23, , 
2016/9/28, , 18, 21, , 
2016/9/29, , 19, 12, , 
2016/9/30, , 19, 8, , 
2016/4/1, , 18, 13, 2, 
2016/4/2, , 12, 23, 4, 
2016/4/3, , 32, 11, 3, 
2016/4/4, , 19, 16, 3, 
2016/4/5, , 27, 18, 3, 
2016/4/6, , 34, 20, 3, 
2016/4/7, , 23, 20, 3, 
2016/4/8, , 19, 12, 2, 
2016/4/9, , 8, 9, 2, 
2016/4/10, , 8, 18, 2, 
2016/4/11, , 15, 11, 2, 
2016/4/12, , 13, 13, 2, 
2016/4/13, , 19, 16, 2, 
2016/4/14, , 17, 12, 2, 
2016/4/15, , 11, 5, 2, 
2016/4/16, , 9, 9, 2, 
2016/4/17, , 18, 19, 2, 
2016/4/18, , 21, 12, 2, 
2016/4/19, , 11, 15, 2, 
2016/4/20, , 17, 23, 3, 
2016/4/21, , 21, 18, 2, 
2016/4/22, , 47, 10, 2, 
2016/4/23, , 8, 7, 1, 
2016/4/24, , 5, 11, , 
2016/4/25, , 6, 12, 1, 
2016/4/26, , 10, , 1, 
2016/4/27, , 7, , 1, 
2016/4/28, , 8, , 2, 
2016/4/29, , 11, , 2, 
2016/4/30, , 15, , 2, 
2016/5/1, , 20, , 1, 
2016/5/2, , 8, , 1, 
2016/5/3, , 12, , 1, 
2016/5/4, , 7, , 1, 
2016/5/5, , 14, , 2, 
2016/5/6, , 17, , 2, 
2016/5/7, , 17, , 1, 
2016/5/8, , 12, , 1, 
2016/5/9, , 13, , 1, 
2016/5/10, , 16, , , 
2016/5/13, , 6, , 2, 
2016/5/14, , 6, , 1, 
2016/5/15, , 6, , 2, 
2016/5/16, , 12, , 2, 
2016/5/17, , 10, 16, 2, 
2016/5/18, , 10, 13, 2, 
2016/5/19, , 9, 17, 2, 
2016/5/20, , 11, 33, 2, 
2016/5/21, , 19, , , 
2016/5/23, , 12, 9, 2, 
2016/5/24, , 5, 14, 2, 
2016/5/25, , 10, 17, 2, 
2016/5/26, , 18, 17, 2, 
2016/5/27, , 16, 12, 2, 
2016/5/28, , 18, 6, 2, 
2016/5/29, , 17, 6, 1, 
2016/5/30, , 9, 5, 1, 
2016/5/31, , 8, 6, 1, 
2016/6/1, , 8, 9, 1, 
2016/6/2, , 9, 15, 1, 
2016/6/3, , 11, 9, 1, 
2016/6/4, , 8, 11, 1, 
2016/6/5, , 10, 18, 3, 
2016/6/6, , 12, 22, 3, 
2016/6/7, , 16, 21, 3, 
2016/6/8, , 17, 17, 5, 
2016/6/9, , 20, 12, 2, 
2016/6/10, , 12, 10, 2, 
2016/6/11, , 12, 6, 2, 
2016/6/12, , 7, 12, 2, 
2016/6/13, , 10, 14, 2, 
2016/6/14, , 10, 7, 2, 
2016/6/15, , 8, 22, 2, 
2016/6/16, , 15, 14, 2, 
2016/6/17, , 16, 12, 1, 
2016/6/18, , 10, 11, 1, 
2016/6/19, , 9, 15, 1, 
2016/6/20, , 6, 15, , 
2016/6/21, , 10, 11, , 
2016/6/22, , 16, 16, , 
2016/6/23, , 18, 17, , 
2016/6/24, , 30, 11, , 
2016/6/25, , 32, 6, , 
2016/6/26, , 10, 12, , 
2016/6/27, , 7, 13, , 
2016/6/28, , 8, 15, , 
2016/6/29, , 12, 22, , 
2016/6/30, , 15, 21, , 
2016/1/4, , 30, , , 
2016/1/8, , 86, 52, 11, 
2016/1/9, , 96, 38, 11, 
2016/1/10, , 76, 25, 8, 
2016/1/11, , 31, 28, 5, 
2016/1/12, , 19, 30, 6, 
2016/1/13, , 40, 29, 6, 
2016/1/14, , 49, 25, 4, 
2016/1/15, , 30, 16, 3, 
2016/1/16, , 25, 12, , 
2016/1/17, , 10, 15, 2, 
2016/1/18, , 19, 29, 5, 
2016/1/19, , 45, 36, 7, 
2016/1/20, , 62, 33, 8, 
2016/1/21, , 45, 26, 5, 
2016/1/22, , 25, 31, 6, 
2016/1/23, , 47, 37, 8, 
2016/1/24, , 69, 39, 11, 
2016/1/25, , 76, 50, 13, 
2016/1/26, , 75, 30, 9, 
2016/1/27, , 47, 20, 5, 
2016/1/28, , 17, 31, 7, 
2016/1/29, , 39, 19, 7, 
2016/1/30, , 37, 13, 4, 
2016/1/31, , 12, 21, 5, 
2016/2/1, , 19, 12, 3, 
2016/2/2, , 12, 16, 2, 
2016/2/3, , 11, 18, 2, 
2016/2/4, , 13, 23, 4, 
2016/2/5, , 25, 13, 2, 
2016/2/6, , 15, 14, 3, 
2016/2/7, , 13, 32, 3, 
2016/2/8, , 19, 11, 1, 
2016/2/9, , 9, 16, 1, 
2016/2/10, , 8, 24, 3, 
2016/2/11, , 22, 30, 2, 
2016/2/12, , 22, 19, 1, 
2016/2/13, , 13, 29, 3, 
2016/2/14, , 31, 23, 3, 
2016/2/15, , 12, 15, 2, 
2016/2/16, , 9, 13, , 
2016/2/17, , 15, 16, 3, 
2016/2/18, , 19, 18, 1, 
2016/2/19, , 9, 15, , 
2016/2/20, , 12, 10, , 
2016/2/21, , 11, 12, , 
2016/2/22, , 9, 14, , 
2016/2/23, , 17, 18, , 
2016/2/24, , 13, 24, 1, 
2016/2/25, , 18, 15, 2, 
2016/2/26, , 11, 23, 5, 
2016/2/27, , 33, 25, 3, 
2016/2/28, , 46, 18, 2, 
2016/2/29, , 25, 17, 3, 
2016/3/1, , 15, 19, 2, 
2016/3/2, , 17, 14, 2, 
2016/3/3, , 10, 18, 2, 
2016/3/4, , 10, 15, 1, 
2016/3/5, , 15, 17, , 
2016/3/6, , 13, 16, , 
2016/3/7, , 10, 17, 1, 
2016/3/8, , 12, 18, 1, 
2016/3/9, , 17, 16, 1, 
2016/3/10, , 16, 14, , 
2016/3/11, , 13, 10, , 
2016/3/12, , 13, 5, , 
2016/3/13, , 11, 12, 2, 
2016/3/14, , 16, 24, 3, 
2016/3/15, , 21, 17, 3, 
2016/3/16, , 16, 27, 4, 
2016/3/17, , 26, 30, 6, 
2016/3/18, , 44, 25, 6, 
2016/3/19, , 34, 9, 4, 
2016/3/20, , 13, 20, 4, 
2016/3/21, , 20, 23, 4, 
2016/3/22, , 19, 21, 4, 
2016/3/23, , 13, 18, 3, 
2016/3/24, , 11, 18, 3, 
2016/3/25, , 15, 16, 3, 
2016/3/26, , 14, 13, 3, 
2016/3/27, , 15, 10, 3, 
2016/3/28, , 10, 12, 2, 
2016/3/29, , 10, 12, 2, 
2016/3/30, , 11, 10, 2, 
2016/3/31, , 14, 16, 2, 
2015/10/1, , 12, 21, 2, 
2015/10/2, , 17, 19, 1, 
2015/10/3, , 28, 9, 1, 
2015/10/4, , 11, 22, 1, 
2015/10/5, , 14, 18, 4, 
2015/10/6, , 22, , , 
2015/10/9, , 20, 11, 2, 
2015/10/10, , 17, 7, , 
2015/10/11, , 5, 15, , 
2015/10/12, , 23, 20, 2, 
2015/10/13, , 27, 14, 1, 
2015/10/14, , 17, 17, 3, 
2015/10/15, , 13, 18, 2, 
2015/10/16, , 12, 20, 2, 
2015/10/17, , 17, 16, 2, 
2015/10/18, , 22, 25, 2, 
2015/10/19, , 14, 17, , 
2015/10/20, , 10, 21, , 
2015/10/21, , 22, 16, 1, 
2015/10/22, , 13, 19, , 
2015/10/23, , 18, 14, , 
2015/10/24, , 31, , , 
2015/10/26, , 33, 17, 2, 
2015/10/27, , 40, , , 
2015/10/29, , 45, , , 
2015/11/2, , 65, 31, 6, 
2015/11/3, , 55, 35, 6, 
2015/11/4, , 66, 36, 6, 
2015/11/5, , 65, 38, 6, 
2015/11/6, , 67, 27, 7, 
2015/11/7, , 78, , , 
2015/11/9, , 49, 31, 6, 
2015/11/10, , 52, 39, 7, 
2015/11/11, , 53, 38, 8, 
2015/11/12, , 50, 30, 3, 
2015/11/13, , 42, 24, 2, 
2015/11/14, , 34, 15, 2, 
2015/11/15, , 26, 18, , 
2015/11/16, , 24, , , 
2015/11/19, , 18, 11, 3, 
2015/11/20, , 15, 15, 2, 
2015/11/21, , 6, 14, 2, 
2015/11/22, , 10, 20, 4, 
2015/11/23, , 25, 18, 2, 
2015/11/24, , 13, 13, 6, 
2015/11/25, , 16, 14, 4, 
2015/11/26, , 16, 15, 4, 
2015/11/27, , 14, 14, 4, 
2015/11/28, , 18, 19, 4, 
2015/11/29, , 30, 23, 4, 
2015/11/30, , 22, 19, 3, 
2015/12/1, , 19, 29, 4, 
2015/12/2, , 28, 24, 5, 
2015/12/3, , 40, 17, 3, 
2015/12/4, , 21, 14, 3, 
2015/12/5, , 15, 10, 2, 
2015/12/6, , 13, 24, 6, 
2015/12/7, , 34, 12, 3, 
2015/12/8, , 14, , , 
2015/12/10, , 28, 23, 5, 
2015/12/11, , 34, 17, 3, 
2015/12/12, , 23, 10, 2, 
2015/12/13, , 13, 30, 7, 
2015/12/14, , 51, 14, 4, 
2015/12/15, , 42, 16, 6, 
2015/12/16, , 35, 10, 3, 
2015/12/17, , 13, 2, 1, 
2015/12/18, , 13, , , 
2015/12/20, , 27, 20, 4, 
2015/12/21, , 23, 25, 4, 
2015/12/22, , 25, 23, 4, 
2015/12/23, , 26, 27, 5, 
2015/12/24, , 41, 20, 5, 
2015/12/25, , 32, 28, 7, 
2015/12/26, , 65, 35, 9, 
2015/12/27, , 71, 38, 12, 
2015/12/28, , 91, 22, 10, 
2015/12/29, , 63, 16, 3, 
2015/12/30, , 16, , , 
2016/1/3, , 24, 10, 5, 
2015/7/1, , 18, 27, 5, 
2015/7/2, , 21, 30, 5, 
2015/7/3, , 23, 19, 4, 
2015/7/4, , 21, 14, 4, 
2015/7/5, , 18, 23, 6, 
2015/7/6, , 22, 24, 9, 
2015/7/7, , 31, 12, 10, 
2015/7/8, , 27, 12, 7, 
2015/7/9, , 7, , , 
2015/7/14, , 13, 22, 6, 
2015/7/15, , 18, 20, 10, 
2015/7/16, , 21, 20, 11, 
2015/7/17, , 29, 18, 14, 
2015/7/18, , 24, 11, 13, 
2015/7/19, , 22, 20, 12, 
2015/7/20, , 19, 20, 11, 
2015/7/21, , 16, 21, 15, 
2015/7/22, , 22, 24, 13, 
2015/7/23, , 29, 22, 12, 
2015/7/24, , 22, 12, 10, 
2015/7/25, , 15, 10, 8, 
2015/7/26, , 9, 22, 6, 
2015/7/27, , 12, 15, 4, 
2015/7/28, , 10, 14, 4, 
2015/7/29, , 11, 12, 3, 
2015/7/30, , 6, 15, 3, 
2015/7/31, , 11, 12, 4, 
2015/8/1, , 16, 9, 4, 
2015/8/2, , 19, 13, 4, 
2015/8/3, , 21, 14, 4, 
2015/8/4, , 29, 12, 5, 
2015/8/5, , 30, 17, 5, 
2015/8/6, , 33, 20, 8, 
2015/8/7, , 34, 15, 13, 
2015/8/8, , 28, 14, 14, 
2015/8/9, , 27, 21, 10, 
2015/8/10, , 24, 26, 6, 
2015/8/11, , 34, 16, 9, 
2015/8/12, , 21, 23, 9, 
2015/8/13, , 31, 24, 9, 
2015/8/14, , 34, 14, 8, 
2015/8/15, , 30, 6, 6, 
2015/8/16, , 16, 12, 2, 
2015/8/17, , 6, 11, , 
2015/8/18, , 7, 11, , 
2015/8/19, , 9, 12, , 
2015/8/20, , 10, 14, , 
2015/8/21, , 16, 10, , 
2015/8/22, , 25, 7, 3, 
2015/8/23, , 26, 15, 2, 
2015/8/24, , 26, 19, , 
2015/8/25, , 17, 13, 2, 
2015/8/26, , 9, 11, 2, 
2015/8/27, , 20, 15, 2, 
2015/8/28, , 20, 23, 3, 
2015/8/29, , 24, 19, 6, 
2015/8/30, , 27, 19, 3, 
2015/8/31, , 31, 14, 2, 
2015/9/1, , 18, 19, 2, 
2015/9/2, , 18, 18, 2, 
2015/9/3, , 15, 21, 2, 
2015/9/4, , 13, 15, , 
2015/9/5, , 7, 10, , 
2015/9/6, , 5, 18, , 
2015/9/7, , 11, 19, 1, 
2015/9/8, , 13, 19, 2, 
2015/9/9, , 14, 18, 1, 
2015/9/10, , 15, 21, , 
2015/9/11, , 15, 16, , 
2015/9/12, , 17, 17, , 
2015/9/13, , 16, 20, 3, 
2015/9/14, , 27, 18, 2, 
2015/9/15, , 24, 16, 2, 
2015/9/16, , 28, 17, , 
2015/9/17, , 34, 29, , 
2015/9/18, , 35, 15, , 
2015/9/19, , 15, 11, , 
2015/9/20, , 10, 17, , 
2015/9/21, , 8, 25, 2, 
2015/9/22, , 17, 24, 1, 
2015/9/23, , 23, 17, , 
2015/9/24, , 10, 20, , 
2015/9/25, , 11, 14, , 
2015/9/26, , 9, 9, , 
2015/9/27, , 9, 14, , 
2015/9/28, , 9, 12, , 
2015/9/29, , 9, 16, , 
2015/9/30, , 10, 14, , 
2015/4/1, , 7, , 2, 
2015/4/2, , 10, , 2, 
2015/4/3, , 10, , 2, 
2015/4/4, , 19, , 2, 
2015/4/5, , 9, , , 
2015/4/6, , 7, , , 
2015/4/7, , 9, , , 
2015/4/8, , 17, , 2, 
2015/4/9, , 17, , 3, 
2015/4/10, , 32, , 2, 
2015/4/11, , 18, , , 
2015/4/15, , 23, 15, 3, 
2015/4/16, , 17, 11, 2, 
2015/4/17, , 15, 10, , 
2015/4/18, , 10, 16, 2, 
2015/4/19, , 13, 23, 2, 
2015/4/20, , 17, 27, 4, 
2015/4/21, , 21, 27, 4, 
2015/4/22, , 23, 18, 3, 
2015/4/23, , 17, 25, 2, 
2015/4/24, , 18, 7, 2, 
2015/4/25, , 14, 4, 2, 
2015/4/26, , 13, 13, 2, 
2015/4/27, , 16, 18, 2, 
2015/4/28, , 14, 18, , 
2015/4/29, , 12, 22, 2, 
2015/4/30, , 19, 10, , 
2015/5/1, , 11, 6, , 
2015/5/2, , 6, , , 
2015/5/4, , 12, 13, , 
2015/5/5, , 15, 14, 2, 
2015/5/6, , 21, 17, 2, 
2015/5/7, , 10, 23, 2, 
2015/5/8, , 15, 23, 3, 
2015/5/9, , 19, 9, , 
2015/5/10, , 9, 17, , 
2015/5/11, , 11, 21, 2, 
2015/5/12, , 15, 20, 1, 
2015/5/13, , 21, 17, 1, 
2015/5/14, , 17, 19, , 
2015/5/15, , 11, , , 
2015/5/16, , 12, , , 
2015/5/17, , 15, 25, 5, 
2015/5/18, , 14, 23, 4, 
2015/5/19, , 29, 22, , 
2015/5/20, , 23, 17, , 
2015/5/21, , 9, 12, , 
2015/5/22, , 7, 10, , 
2015/5/23, , 5, 15, , 
2015/5/24, , 10, 13, 1, 
2015/5/25, , 10, 17, , 
2015/5/26, , 11, 13, , 
2015/5/27, , 8, 16, , 
2015/5/28, , 12, 23, 3, 
2015/5/29, , 16, 17, 1, 
2015/5/30, , 15, 11, , 
2015/5/31, , 11, 20, 2, 
2015/6/1, , 16, 19, 2, 
2015/6/2, , 18, 28, 3, 
2015/6/3, , 28, 19, 2, 
2015/6/4, , 23, 11, 1, 
2015/6/5, , 19, , , 
2015/6/8, , 27, 21, 5, 
2015/6/9, , 27, 19, 4, 
2015/6/10, , 24, 25, 4, 
2015/6/11, , 27, 18, 4, 
2015/6/12, , 27, 7, 3, 
2015/6/13, , 20, 9, 3, 
2015/6/14, , 22, 12, 3, 
2015/6/15, , 15, 15, 2, 
2015/6/16, , 12, 11, 2, 
2015/6/17, , 11, 14, 3, 
2015/6/18, , 13, 20, 3, 
2015/6/19, , 16, 11, 3, 
2015/6/20, , 7, 11, 3, 
2015/6/21, , 8, 9, 2, 
2015/6/22, , 9, 18, 2, 
2015/6/30, , 20, 24, 4, 
2015/1/16, , 32, 24, 4, 
2015/1/17, , 29, 24, 7, 
2015/1/18, , 23, 22, 6, 
2015/1/19, , 23, 20, 5, 
2015/1/20, , 26, 20, 6, 
2015/1/21, , 25, 18, 6, 
2015/1/22, , 24, 14, 6, 
2015/1/23, , 7, 7, 4, 
2015/1/24, , 10, 11, 3, 
2015/1/25, , 13, 8, 2, 
2015/1/26, , 18, 20, 2, 
2015/1/27, , 32, 25, 4, 
2015/1/28, , 31, 29, 11, 
2015/1/29, , 30, 26, 10, 
2015/1/30, , 20, 22, 13, 
2015/1/31, , 13, 18, 12, 
2015/2/1, , 24, 20, 11, 
2015/2/2, , 14, 17, 10, 
2015/2/3, , 42, 33, 9, 
2015/2/4, , 29, 23, 10, 
2015/2/5, , 16, 13, , 
2015/2/6, , 13, 8, , 
2015/2/7, , 27, 15, , 
2015/2/8, , 38, 19, , 
2015/2/9, , 13, 20, , 
2015/2/10, , 26, 25, 7, 
2015/2/11, , 32, 30, 24, 
2015/2/12, , 25, 27, 2, 
2015/2/13, , 53, 44, 5, 
2015/2/14, , 72, 43, 7, 
2015/2/15, , 54, 27, 6, 
2015/2/16, , 44, 28, 7, 
2015/2/17, , 25, 18, 4, 
2015/2/18, , 25, 24, 2, 
2015/2/19, , 41, 30, 5, 
2015/2/20, , 58, 48, 9, 
2015/2/21, , 45, 32, 8, 
2015/2/23, , 20, 18, 5, 
2015/2/24, , 15, 14, 5, 
2015/2/25, , 11, 22, 5, 
2015/2/26, , 19, 17, 5, 
2015/2/27, , 33, 28, 6, 
2015/2/28, , 26, 19, 5, 
2015/3/1, , 21, 9, 5, 
2015/3/2, , 11, 12, 3, 
2015/3/3, , 19, 27, 4, 
2015/3/4, , 20, 26, 3, 
2015/3/5, , 8, 7, 1, 
2015/3/6, , 8, 8, , 
2015/3/7, , 12, 12, 1, 
2015/3/8, , 21, 17, 3, 
2015/3/9, , 24, 20, 6, 
2015/3/10, , 43, 36, 6, 
2015/3/11, , 35, 30, 2, 
2015/3/12, , 11, 14, , 
2015/3/13, , 21, 16, 4, 
2015/3/14, , 27, 15, 5, 
2015/3/15, , 29, 9, 8, 
2015/3/16, , 31, 18, 9, 
2015/3/17, , 42, 18, 7, 
2015/3/18, , 38, 27, 6, 
2015/3/19, , 36, 29, 6, 
2015/3/20, , 46, 34, 6, 
2015/3/21, , 33, 22, 6, 
2015/3/22, , 25, 5, 4, 
2015/3/23, , 27, 23, 4, 
2015/3/24, , 41, 24, 5, 
2015/3/25, , 36, 27, 5, 
2015/3/26, , 28, 23, 9, 
2015/3/27, , 22, 24, 6, 
2015/3/28, , 10, , 3, 
2015/3/29, , 17, , 4, 
2015/3/30, , 12, , 4, 
2015/3/31, , 11, , 4, 
2014/10/1, , 23, 20, 2, 
2014/10/2, , 18, 22, 3, 
2014/10/3, , 21, 14, 2, 
2014/10/4, , 22, , , 
2014/10/6, , 42, 21, 4, 
2014/10/7, , 39, 14, 2, 
2014/10/8, , 17, 15, 2, 
2014/10/9, , 18, 17, 2, 
2014/10/10, , 17, 13, 2, 
2014/10/11, , 21, 16, 2, 
2014/10/12, , 24, 22, 2, 
2014/10/13, , 28, 19, 2, 
2014/10/14, , 18, 22, 2, 
2014/10/15, , 14, 17, 3, 
2014/10/16, , 20, 16, 2, 
2014/10/17, , 13, 20, 1, 
2014/10/18, , 16, 18, 2, 
2014/10/19, , 18, 14, 2, 
2014/10/20, , 16, 23, 3, 
2014/10/21, , 23, 15, 2, 
2014/10/22, , 10, 14, , 
2014/10/23, , 7, 18, 3, 
2014/10/24, , 10, 13, 2, 
2014/10/25, , 13, 14, 2, 
2014/10/26, , 20, 23, 4, 
2014/10/27, , 20, 31, 4, 
2014/10/28, , 28, 34, 6, 
2014/10/29, , 43, 38, 9, 
2014/10/30, , 59, 30, 6, 
2014/10/31, , 47, 21, 4, 
2014/11/1, , 24, 21, 5, 
2014/11/2, , 36, 37, 6, 
2014/11/3, , 40, 36, 5, 
2014/11/4, , 27, 36, 4, 
2014/11/5, , 31, 27, 2, 
2014/11/6, , 23, 27, 4, 
2014/11/7, , 36, 17, 2, 
2014/11/8, , 19, 3, , 
2014/11/9, , 14, 25, 5, 
2014/11/10, , 34, 28, 2, 
2014/11/11, , 44, 21, 3, 
2014/11/12, , 39, 17, 1, 
2014/11/13, , 30, 19, , 
2014/11/14, , 43, 12, , 
2014/11/15, , 34, 13, , 
2014/11/16, , 27, 23, , 
2014/11/17, , 16, 16, , 
2014/11/18, , 9, 22, 1, 
2014/11/19, , 17, 20, 2, 
2014/11/20, , 26, 23, 3, 
2014/11/21, , 24, 18, 2, 
2014/7/1, , 9, 19, 2, 
2014/7/2, , 12, 12, 1, 
2014/7/3, , 9, 21, 3, 
2014/7/4, , 16, 14, 4, 
2014/7/5, , 19, 11, 2, 
2014/7/6, , 31, 18, 2, 
2014/7/7, , 21, 15, 2, 
2014/7/8, , 13, 10, , 
2014/7/9, , 9, 16, 1, 
2014/7/10, , 8, 12, 1, 
2014/7/11, , 7, 9, 2, 
2014/7/12, , 9, 9, , 
2014/7/13, , 8, 15, 2, 
2014/7/14, , 11, 17, 2, 
2014/7/15, , 15, 16, 2, 
2014/7/16, , 16, 17, 2, 
2014/7/17, , 17, 17, 3, 
2014/7/18, , 16, 14, 2, 
2014/7/19, , 23, 10, 2, 
2014/7/20, , 22, 10, 1, 
2014/7/21, , 14, 16, 2, 
2014/7/22, , 13, 13, , 
2014/7/23, , 13, 15, 1, 
2014/7/24, , 13, 18, 2, 
2014/7/25, , 15, 10, 4, 
2014/7/26, , 17, 6, , 
2014/7/27, , 11, 16, 1, 
2014/7/28, , 12, 10, , 
2014/7/29, , 11, 14, 3, 
2014/7/30, , 13, 16, , 
2014/7/31, , 13, 12, , 
2014/8/1, , 9, 12, 3, 
2014/8/2, , 19, 10, 2, 
2014/8/3, , 19, 10, , 
2014/8/4, , 14, 6, , 
2014/8/5, , 11, 9, 2, 
2014/8/6, , 9, 11, 2, 
2014/8/7, , 12, 15, 3, 
2014/8/8, , 16, 12, 3, 
2014/8/9, , 14, 11, 3, 
2014/8/10, , 17, 9, 2, 
2014/8/11, , 11, 10, 2, 
2014/8/12, , 9, 10, 2, 
2014/8/13, , 13, 16, 1, 
2014/8/14, , 8, 5, , 
2014/8/15, , 7, 7, , 
2014/8/16, , 7, 10, , 
2014/8/17, , 9, 13, 2, 
2014/8/18, , 16, 8, 1, 
2014/8/19, , 12, 14, , 
2014/8/20, , 23, 11, , 
2014/8/21, , 9, , , 
2014/8/27, , 9, 17, , 
2014/8/28, , 11, 25, 6, 
2014/8/29, , 20, 19, 3, 
2014/8/30, , 24, 14, 3, 
2014/8/31, , 26, 12, , 
2014/9/1, , 10, 18, , 
2014/9/2, , 8, 16, , 
2014/9/3, , 15, 13, , 
2014/9/4, , 22, 30, 3, 
2014/9/5, , 24, 15, 2, 
2014/9/6, , 19, 15, 2, 
2014/9/7, , 19, 22, 5, 
2014/9/8, , 29, 21, 4, 
2014/9/9, , 34, 22, 2, 
2014/9/10, , 16, 18, 2, 
2014/9/11, , 14, 21, 1, 
2014/9/12, , 8, 9, , 
2014/9/13, , 6, 16, 1, 
2014/9/14, , 10, 20, 2, 
2014/9/15, , 14, 23, 2, 
2014/9/16, , 15, 21, 3, 
2014/9/17, , 21, 43, 6, 
2014/9/18, , 32, 13, 2, 
2014/9/19, , 15, 16, 2, 
2014/9/20, , 16, 13, 2, 
2014/9/21, , 15, 22, 2, 
2014/9/22, , 10, 19, 4, 
2014/9/23, , 13, 21, 2, 
2014/9/24, , 18, 24, 2, 
2014/9/25, , 16, 22, 2, 
2014/9/26, , 17, 17, 2, 
2014/9/27, , 17, 18, 2, 
2014/9/28, , 16, 24, 3, 
2014/9/29, , 22, 25, 3, 
2014/9/30, , 23, 20, 3, 
2014/6/7, , 18, 21, 5, 
2014/6/8, , 19, 24, 5, 
2014/6/9, , 21, 30, 6, 
2014/6/10, , 26, 25, 6, 
2014/6/11, , 30, 24, 6, 
2014/6/12, , 24, 21, 5, 
2014/6/13, , 18, 11, 4, 
2014/6/14, , 10, 8, 4, 
2014/6/15, , 6, 16, 3, 
2014/6/16, , 12, 15, 3, 
2014/6/17, , 13, 19, 4, 
2014/6/18, , 16, 13, 4, 
2014/6/19, , 17, 12, 3, 
2014/6/20, , 12, 9, 3, 
2014/6/21, , 7, 11, 3, 
2014/6/22, , 11, 6, 3, 
2014/6/23, , 10, , , 
2014/6/30, , 8, 12, , 
2024/9/4, , , 18, 3, 
2024/9/5, , , 11, 2, 
2024/9/6, , , 13, 2, 
2022/10/15, , , 16, 2, 
2022/12/15, , , 17, 2, 
2022/12/16, , , 15, 2, 
2022/12/17, , , 20, 2, 
2022/12/18, , , 20, 4, 
2022/12/19, , , 11, 2, 
2022/12/20, , , 16, 2, 
2022/12/21, , , 24, 3, 
2022/12/22, , , 22, 3, 
2022/12/23, , , 16, 2, 
2022/12/24, , , 18, 2, 
2022/12/25, , , 10, 2, 
2022/12/26, , , 20, 2, 
2022/12/27, , , 26, 3, 
2022/12/28, , , 29, 4, 
2022/6/4, , , 10, 1, 
2021/7/1, , , 12, , 
2021/5/2, , , 14, 4, 
2021/5/15, , , 3, 3, 
2021/2/16, , , 25, 3, 
2021/2/17, , , 31, 3, 
2020/10/24, , , 9, 2, 
2020/12/29, , , 22, 2, 
2020/9/26, , , 6, 2, 
2020/3/31, , , 6, 1, 
2019/12/31, , , 26, 2, 
2020/1/4, , , 18, 1, 
2019/10/6, , , 11, 1, 
2019/10/26, , , 21, 1, 
2019/4/22, , , 17, 8, 
2018/12/31, , , 27, 9, 
2019/1/13, , , 35, 8, 
2018/10/21, , , 19, 8, 
2018/7/29, , , 15, , 
2018/8/30, , , 18, , 
2018/9/9, , , 28, 8, 
2018/9/16, , , 28, 7, 
2018/6/14, , , 16, 4, 
2017/12/31, , , 13, , 
2017/11/22, , , 22, , 
2017/9/10, , , 26, , 
2017/5/14, , , 21, , 
2017/6/4, , , 18, , 
2017/1/15, , , 7, , 
2017/2/5, , , 13, 1, 
2016/12/26, , , 41, 2, 
2016/7/10, , , 26, 1, 
2016/8/15, , , 11, 2, 
2016/8/28, , , 22, 1, 
2016/5/22, , , 14, 2, 
2016/1/7, , , 70, 12, 
2015/10/8, , , 19, 1, 
2015/10/25, , , 36, 1, 
2015/10/28, , , 17, 3, 
2015/11/1, , , 50, 7, 
2015/11/8, , , 44, 7, 
2015/11/18, , , 16, , 
2015/12/9, , , 26, 4, 
2015/12/19, , , 13, 4, 
2015/7/13, , , 20, 4, 
2015/4/14, , , 22, 3, 
2015/5/3, , , 9, , 
2015/6/7, , , 27, 6, 
2015/6/23, , , 14, 1, 
2015/6/24, , , 14, 2, 
2015/6/25, , , 13, 2, 
2015/6/26, , , 13, 2, 
2015/6/27, , , 7, , 
2015/6/28, , , 13, 3, 
2015/6/29, , , 26, 3, 
2015/1/2, , , 70, 5, 
2015/1/3, , , 40, 4, 
2015/1/4, , , 29, 3, 
2015/1/5, , , 25, 3, 
2015/1/6, , , 16, 2, 
2015/1/7, , , 33, 1, 
2015/1/8, , , 33, 1, 
2015/1/9, , , 27, 9, 
2015/1/10, , , 14, 7, 
2015/1/12, , , 24, 4, 
2015/1/13, , , 23, 4, 
2015/1/14, , , 19, , 
2015/1/15, , , 39, 3, 
2014/10/5, , , 31, 8, 
2014/11/22, , , 14, 39, 
2014/11/23, , , 19, 18, 
2014/11/24, , , 21, 3, 
2014/11/25, , , 17, 4, 
2014/11/26, , , 19, 7, 
2014/11/27, , , 17, 6, 
2014/11/28, , , 10, 1, 
2014/11/29, , , 8, , 
2014/11/30, , , 11, , 
2014/12/1, , , 14, , 
2014/12/2, , , 14, , 
2014/12/3, , , 15, , 
2014/12/4, , , 19, 1, 
2014/12/5, , , 13, 2, 
2014/12/6, , , 12, 1, 
2014/12/7, , , 12, , 
2014/12/8, , , 8, , 
2014/12/9, , , 19, , 
2014/12/10, , , 31, 3, 
2014/12/11, , , 33, 3, 
2014/12/12, , , 20, 2, 
2014/12/13, , , 41, 4, 
2014/12/14, , , 44, 4, 
2014/12/15, , , 43, 5, 
2014/12/16, , , 30, 3, 
2014/12/17, , , 29, 4, 
2014/12/18, , , 28, 2, 
2014/12/19, , , 25, 12, 
2014/12/20, , , 28, 19, 
2014/12/21, , , 20, 12, 
2014/12/22, , , 14, 4, 
2014/12/23, , , 11, 2, 
2014/12/24, , , 12, 2, 
2014/12/25, , , 11, , 
2014/12/27, , , 1, , 
2014/8/26, , , 18, , 
2014/6/6, , , 22, 5, 
2014/6/29, , , 9, 1, 
2017/5/7, , , , , 
2016/5/12, , , , 2, 