id,city_name,city_id,aqi,pm25,pm10,temperature,timestamp
3,"Zagreb-3, Croatia",3,104.00,104.00,55.00,30,3/8/2021
3,"Zagreb-3, Croatia",3,83.00,83.00,29.00,29,3/9/2021
3,"Zagreb-3, Croatia",3,106.00,106.00,46.00,30,3/10/2021
3,"Zagreb-3, Croatia",3,119.00,119.00,49.00,34,3/11/2021
3,"Zagreb-3, Croatia",3,81.00,81.00,29.00,28,3/12/2021
3,"Zagreb-3, Croatia",3,61.00,61.00,18.00,34,3/13/2021
3,"Zagreb-3, Croatia",3,54.00,54.00,16.00,28,3/14/2021
3,"Zagreb-3, Croatia",3,41.00,41.00,14.00,26,3/15/2021
3,"Zagreb-3, Croatia",3,62.00,62.00,23.00,27,3/16/2021
3,"Zagreb-3, Croatia",3,48.00,48.00,15.00,27,3/17/2021
3,"Zagreb-3, Croatia",3,57.00,57.00,17.00,29,3/18/2021
3,"Zagreb-3, Croatia",3,90.00,90.00,33.00,28,3/19/2021
3,"Zagreb-3, Croatia",3,102.00,102.00,34.00,30,3/20/2021
3,"Zagreb-3, Croatia",3,63.00,63.00,17.00,35,3/21/2021
3,"Zagreb-3, Croatia",3,41.00,41.00,13.00,32,3/22/2021
3,"Zagreb-3, Croatia",3,55.00,55.00,18.00,32,3/23/2021
3,"Zagreb-3, Croatia",3,68.00,68.00,24.00,31,3/24/2021
3,"Zagreb-3, Croatia",3,108.00,108.00,43.00,33,3/25/2021
3,"Zagreb-3, Croatia",3,124.00,124.00,52.00,35,3/26/2021
3,"Zagreb-3, Croatia",3,67.00,67.00,24.00,39,3/27/2021
3,"Zagreb-3, Croatia",3,56.00,56.00,19.00,31,3/28/2021
3,"Zagreb-3, Croatia",3,109.00,109.00,44.00,34,3/29/2021
3,"Zagreb-3, Croatia",3,101.00,101.00,47.00,35,3/30/2021
3,"Zagreb-3, Croatia",3,115.00,115.00,52.00,38,3/31/2021
3,"Zagreb-3, Croatia",3,105.00,105.00,45.00,39,4/1/2021
3,"Zagreb-3, Croatia",3,90.00,90.00,40.00,41,4/2/2021
3,"Zagreb-3, Croatia",3,64.00,64.00,19.00,29,4/3/2021
3,"Zagreb-3, Croatia",3,42.00,42.00,11.00,32,4/4/2021
3,"Zagreb-3, Croatia",3,66.00,66.00,11.00,29,4/5/2021
3,"Zagreb-3, Croatia",3,41.00,41.00,24.00,28,4/6/2021
3,"Zagreb-3, Croatia",3,76.00,76.00,25.00,34,4/7/2021
3,"Zagreb-3, Croatia",3,75.00,75.00,22.00,40,4/8/2021
3,"Zagreb-3, Croatia",3,60.00,60.00,12.00,40,4/9/2021
3,"Zagreb-3, Croatia",3,35.00,35.00,18.00,39,4/10/2021
3,"Zagreb-3, Croatia",3,55.00,55.00,22.00,27,4/11/2021
3,"Zagreb-3, Croatia",3,68.00,68.00,6.00,27,4/12/2021
3,"Zagreb-3, Croatia",3,25.00,25.00,15.00,29,4/13/2021
3,"Zagreb-3, Croatia",3,50.00,50.00,29.00,30,4/14/2021
3,"Zagreb-3, Croatia",3,85.00,85.00,32.00,34,4/15/2021
3,"Zagreb-3, Croatia",3,91.00,91.00,29.00,25,4/16/2021
3,"Zagreb-3, Croatia",3,87.00,87.00,27.00,27,4/17/2021
3,"Zagreb-3, Croatia",3,88.00,88.00,20.00,23,4/18/2021
3,"Zagreb-3, Croatia",3,70.00,70.00,17.00,28,4/19/2021
3,"Zagreb-3, Croatia",3,61.00,61.00,18.00,38,4/20/2021
3,"Zagreb-3, Croatia",3,59.00,59.00,15.00,42,4/21/2021
3,"Zagreb-3, Croatia",3,52.00,52.00,29.00,37,4/22/2021
3,"Zagreb-3, Croatia",3,73.00,73.00,35.00,43,4/23/2021
3,"Zagreb-3, Croatia",3,89.00,89.00,30.00,46,4/24/2021
3,"Zagreb-3, Croatia",3,81.00,81.00,24.00,32,4/25/2021
3,"Zagreb-3, Croatia",3,72.00,72.00,34.00,24,4/26/2021
3,"Zagreb-3, Croatia",3,102.00,102.00,31.00,24,4/27/2021
3,"Zagreb-3, Croatia",3,94.00,94.00,17.00,29,4/28/2021
3,"Zagreb-3, Croatia",3,55.00,55.00,13.00,30,4/29/2021
3,"Zagreb-3, Croatia",3,42.00,42.00,24.00,35,4/30/2021
3,"Zagreb-3, Croatia",3,66.00,66.00,11.00,33,5/1/2021
3,"Zagreb-3, Croatia",3,31.00,31.00,12.00,33,5/2/2021
3,"Zagreb-3, Croatia",3,42.00,42.00,18.00,38,5/3/2021
3,"Zagreb-3, Croatia",3,50.00,50.00,18.00,38,5/4/2021
3,"Zagreb-3, Croatia",3,42.00,42.00,13.00,27,5/5/2021
3,"Zagreb-3, Croatia",3,41.00,41.00,21.00,22,5/6/2021
3,"Zagreb-3, Croatia",3,63.00,63.00,14.00,39,5/7/2021
3,"Zagreb-3, Croatia",3,47.00,47.00,19.00,40,5/8/2021
3,"Zagreb-3, Croatia",3,56.00,56.00,19.00,36,5/9/2021
3,"Zagreb-3, Croatia",3,50.00,50.00,22.00,37,5/10/2021
3,"Zagreb-3, Croatia",3,44.00,44.00,14.00,26,5/11/2021
3,"Zagreb-3, Croatia",3,35.00,35.00,8.00,23,5/12/2021
3,"Zagreb-3, Croatia",3,26.00,26.00,9.00,31,5/13/2021
3,"Zagreb-3, Croatia",3,27.00,27.00,6.00,24,5/16/2021
3,"Zagreb-3, Croatia",3,24.00,24.00,8.00,27,5/17/2021
3,"Zagreb-3, Croatia",3,24.00,24.00,5.00,22,5/18/2021
3,"Zagreb-3, Croatia",3,22.00,22.00,10.00,35,5/19/2021
3,"Zagreb-3, Croatia",3,34.00,34.00,14.00,34,5/20/2021
3,"Zagreb-3, Croatia",3,35.00,35.00,12.00,38,5/21/2021
3,"Zagreb-3, Croatia",3,27.00,27.00,13.00,35,5/22/2021
3,"Zagreb-3, Croatia",3,41.00,41.00,13.00,18,5/23/2021
3,"Zagreb-3, Croatia",3,51.00,51.00,16.00,28,5/24/2021
3,"Zagreb-3, Croatia",3,49.00,49.00,12.00,37,5/25/2021
3,"Zagreb-3, Croatia",3,32.00,32.00,20.00,38,5/26/2021
3,"Zagreb-3, Croatia",3,46.00,46.00,10.00,32,5/27/2021
3,"Zagreb-3, Croatia",3,28.00,28.00,14.00,32,5/28/2021
3,"Zagreb-3, Croatia",3,47.00,47.00,14.00,31,5/29/2021
3,"Zagreb-3, Croatia",3,52.00,52.00,13.00,35,5/30/2021
3,"Zagreb-3, Croatia",3,44.00,44.00,20.00,39,5/31/2021
3,"Zagreb-3, Croatia",3,51.00,51.00,27.00,44,6/1/2021
3,"Zagreb-3, Croatia",3,62.00,62.00,21.00,46,6/2/2021
3,"Zagreb-3, Croatia",3,57.00,57.00,31.00,43,6/3/2021
3,"Zagreb-3, Croatia",3,67.00,67.00,32.00,48,6/4/2021
3,"Zagreb-3, Croatia",3,73.00,73.00,20.00,30,6/5/2021
3,"Zagreb-3, Croatia",3,62.00,62.00,26.00,38,6/6/2021
3,"Zagreb-3, Croatia",3,77.00,77.00,30.00,44,6/7/2021
3,"Zagreb-3, Croatia",3,76.00,76.00,31.00,44,6/8/2021
3,"Zagreb-3, Croatia",3,80.00,80.00,22.00,39,6/9/2021
3,"Zagreb-3, Croatia",3,62.00,62.00,18.00,33,6/10/2021
3,"Zagreb-3, Croatia",3,52.00,52.00,16.00,38,6/11/2021
3,"Zagreb-3, Croatia",3,47.00,47.00,16.00,31,6/12/2021
3,"Zagreb-3, Croatia",3,44.00,44.00,15.00,32,6/13/2021
3,"Zagreb-3, Croatia",3,32.00,32.00,25.00,42,6/14/2021
3,"Zagreb-3, Croatia",3,53.00,53.00,28.00,49,6/15/2021
3,"Zagreb-3, Croatia",3,60.00,60.00,43.00,43,6/16/2021
3,"Zagreb-3, Croatia",3,62.00,62.00,55.00,35,6/17/2021
3,"Zagreb-3, Croatia",3,71.00,71.00,37.00,47,6/18/2021
3,"Zagreb-3, Croatia",3,68.00,68.00,32.00,37,6/19/2021
3,"Zagreb-3, Croatia",3,75.00,75.00,58.00,32,6/20/2021
3,"Zagreb-3, Croatia",3,85.00,85.00,50.00,36,6/21/2021
3,"Zagreb-3, Croatia",3,71.00,71.00,47.00,18,6/22/2021
3,"Zagreb-3, Croatia",3,76.00,70.00,76.00,26,6/23/2021
3,"Zagreb-3, Croatia",3,96.00,96.00,54.00,39,6/24/2021
3,"Zagreb-3, Croatia",3,57.00,57.00,21.00,44,6/25/2021
3,"Zagreb-3, Croatia",3,27.00,27.00,18.00,46,6/26/2021
3,"Zagreb-3, Croatia",3,34.00,34.00,34.00,45,6/27/2021
3,"Zagreb-3, Croatia",3,61.00,49.00,61.00,34,6/28/2021
3,"Zagreb-3, Croatia",3,66.00,66.00,51.00,25,6/29/2021
3,"Zagreb-3, Croatia",3,33.00,33.00,33.00,41,7/2/2021
3,"Zagreb-3, Croatia",3,48.00,48.00,21.00,41,7/3/2021
3,"Zagreb-3, Croatia",3,43.00,43.00,17.00,32,7/4/2021
3,"Zagreb-3, Croatia",3,50.00,50.00,22.00,35,7/5/2021
3,"Zagreb-3, Croatia",3,55.00,55.00,25.00,33,7/6/2021
3,"Zagreb-3, Croatia",3,46.00,46.00,30.00,44,7/7/2021
3,"Zagreb-3, Croatia",3,54.00,54.00,30.00,39,7/8/2021
3,"Zagreb-3, Croatia",3,40.00,40.00,13.00,41,7/9/2021
3,"Zagreb-3, Croatia",3,20.00,18.00,20.00,44,7/10/2021
3,"Zagreb-3, Croatia",3,44.00,44.00,32.00,39,7/11/2021
3,"Zagreb-3, Croatia",3,55.00,55.00,41.00,39,7/12/2021
3,"Zagreb-3, Croatia",3,57.00,57.00,23.00,28,7/13/2021
3,"Zagreb-3, Croatia",3,47.00,47.00,18.00,38,7/14/2021
3,"Zagreb-3, Croatia",3,36.00,31.00,36.00,39,7/15/2021
3,"Zagreb-3, Croatia",3,48.00,48.00,13.00,36,7/16/2021
3,"Zagreb-3, Croatia",3,43.00,43.00,19.00,39,7/17/2021
3,"Zagreb-3, Croatia",3,56.00,56.00,20.00,27,7/18/2021
3,"Zagreb-3, Croatia",3,40.00,40.00,25.00,35,7/19/2021
3,"Zagreb-3, Croatia",3,53.00,53.00,24.00,42,7/20/2021
3,"Zagreb-3, Croatia",3,54.00,54.00,26.00,45,7/21/2021
3,"Zagreb-3, Croatia",3,57.00,57.00,32.00,46,7/22/2021
3,"Zagreb-3, Croatia",3,65.00,65.00,40.00,33,7/25/2021
3,"Zagreb-3, Croatia",3,75.00,75.00,38.00,35,7/26/2021
3,"Zagreb-3, Croatia",3,63.00,63.00,32.00,40,7/27/2021
3,"Zagreb-3, Croatia",3,55.00,55.00,31.00,46,7/28/2021
3,"Zagreb-3, Croatia",3,49.00,49.00,24.00,47,7/29/2021
3,"Zagreb-3, Croatia",3,52.00,52.00,19.00,50,7/30/2021
3,"Zagreb-3, Croatia",3,42.00,42.00,24.00,39,7/31/2021
3,"Zagreb-3, Croatia",3,39.00,39.00,8.00,37,8/1/2021
3,"Zagreb-3, Croatia",3,21.00,21.00,15.00,42,8/2/2021
3,"Zagreb-3, Croatia",3,32.00,32.00,22.00,37,8/3/2021
3,"Zagreb-3, Croatia",3,39.00,39.00,8.00,27,8/4/2021
3,"Zagreb-3, Croatia",3,28.00,28.00,8.00,32,8/5/2021
3,"Zagreb-3, Croatia",3,23.00,23.00,18.00,34,8/6/2021
3,"Zagreb-3, Croatia",3,34.00,34.00,18.00,39,8/7/2021
3,"Zagreb-3, Croatia",3,35.00,35.00,20.00,41,8/8/2021
3,"Zagreb-3, Croatia",3,28.00,28.00,23.00,46,8/9/2021
3,"Zagreb-3, Croatia",3,44.00,44.00,29.00,40,8/10/2021
3,"Zagreb-3, Croatia",3,46.00,46.00,33.00,41,8/11/2021
3,"Zagreb-3, Croatia",3,56.00,56.00,28.00,40,8/12/2021
3,"Zagreb-3, Croatia",3,46.00,46.00,27.00,50,8/13/2021
3,"Zagreb-3, Croatia",3,53.00,53.00,21.00,46,8/14/2021
3,"Zagreb-3, Croatia",3,53.00,53.00,37.00,41,8/15/2021
3,"Zagreb-3, Croatia",3,64.00,64.00,13.00,26,8/16/2021
3,"Zagreb-3, Croatia",3,27.00,27.00,15.00,37,8/17/2021
3,"Zagreb-3, Croatia",3,30.00,30.00,19.00,39,8/18/2021
3,"Zagreb-3, Croatia",3,37.00,37.00,22.00,39,8/19/2021
3,"Zagreb-3, Croatia",3,37.00,37.00,19.00,44,8/20/2021
3,"Zagreb-3, Croatia",3,42.00,42.00,17.00,42,8/21/2021
3,"Zagreb-3, Croatia",3,45.00,45.00,18.00,28,8/22/2021
3,"Zagreb-3, Croatia",3,30.00,30.00,10.00,31,8/23/2021
3,"Zagreb-3, Croatia",3,27.00,27.00,13.00,29,8/24/2021
3,"Zagreb-3, Croatia",3,38.00,38.00,14.00,31,8/25/2021
3,"Zagreb-3, Croatia",3,40.00,40.00,12.00,30,8/26/2021
3,"Zagreb-3, Croatia",3,22.00,22.00,11.00,26,8/27/2021
3,"Zagreb-3, Croatia",3,39.00,39.00,8.00,16,8/28/2021
3,"Zagreb-3, Croatia",3,28.00,28.00,7.00,26,8/29/2021
3,"Zagreb-3, Croatia",3,20.00,20.00,8.00,31,8/30/2021
3,"Zagreb-3, Croatia",3,22.00,22.00,11.00,31,8/31/2021
3,"Zagreb-3, Croatia",3,28.00,28.00,18.00,32,9/1/2021
3,"Zagreb-3, Croatia",3,51.00,51.00,21.00,36,9/2/2021
3,"Zagreb-3, Croatia",3,53.00,53.00,23.00,40,9/3/2021
3,"Zagreb-3, Croatia",3,60.00,60.00,21.00,40,9/4/2021
3,"Zagreb-3, Croatia",3,58.00,58.00,21.00,38,9/5/2021
3,"Zagreb-3, Croatia",3,53.00,53.00,29.00,39,9/6/2021
3,"Zagreb-3, Croatia",3,67.00,67.00,31.00,39,9/7/2021
3,"Zagreb-3, Croatia",3,66.00,66.00,33.00,40,9/8/2021
3,"Zagreb-3, Croatia",3,66.00,66.00,35.00,45,9/9/2021
3,"Zagreb-3, Croatia",3,73.00,73.00,36.00,55,9/10/2021
3,"Zagreb-3, Croatia",3,86.00,86.00,36.00,51,9/11/2021
3,"Zagreb-3, Croatia",3,85.00,85.00,36.00,48,9/12/2021
3,"Zagreb-3, Croatia",3,79.00,79.00,37.00,41,9/13/2021
3,"Zagreb-3, Croatia",3,85.00,85.00,40.00,45,9/14/2021
3,"Zagreb-3, Croatia",3,79.00,79.00,36.00,36,9/15/2021
3,"Zagreb-3, Croatia",3,77.00,77.00,14.00,16,9/16/2021
3,"Zagreb-3, Croatia",3,46.00,46.00,12.00,24,9/17/2021
3,"Zagreb-3, Croatia",3,38.00,38.00,14.00,28,9/18/2021
3,"Zagreb-3, Croatia",3,45.00,45.00,10.00,23,9/19/2021
3,"Zagreb-3, Croatia",3,38.00,38.00,19.00,29,9/20/2021
3,"Zagreb-3, Croatia",3,56.00,56.00,22.00,27,9/21/2021
3,"Zagreb-3, Croatia",3,63.00,63.00,19.00,25,9/22/2021
3,"Zagreb-3, Croatia",3,56.00,56.00,18.00,32,9/23/2021
3,"Zagreb-3, Croatia",3,52.00,52.00,24.00,40,9/24/2021
3,"Zagreb-3, Croatia",3,69.00,69.00,23.00,37,9/25/2021
3,"Zagreb-3, Croatia",3,57.00,57.00,19.00,32,9/26/2021
3,"Zagreb-3, Croatia",3,54.00,54.00,23.00,28,9/27/2021
3,"Zagreb-3, Croatia",3,62.00,62.00,29.00,29,9/28/2021
3,"Zagreb-3, Croatia",3,70.00,70.00,9.00,25,9/29/2021
3,"Zagreb-3, Croatia",3,29.00,29.00,24.00,20,9/30/2021
3,"Zagreb-3, Croatia",3,67.00,67.00,35.00,11,10/1/2021
3,"Zagreb-3, Croatia",3,91.00,91.00,23.00,28,10/2/2021
3,"Zagreb-3, Croatia",3,66.00,66.00,19.00,34,10/3/2021
3,"Zagreb-3, Croatia",3,53.00,53.00,22.00,27,10/4/2021
3,"Zagreb-3, Croatia",3,61.00,61.00,12.00,22,10/5/2021
3,"Zagreb-3, Croatia",3,38.00,38.00,6.00,21,10/6/2021
3,"Zagreb-3, Croatia",3,25.00,25.00,18.00,19,10/7/2021
3,"Zagreb-3, Croatia",3,58.00,58.00,26.00,19,10/8/2021
3,"Zagreb-3, Croatia",3,69.00,69.00,13.00,22,10/9/2021
3,"Zagreb-3, Croatia",3,48.00,48.00,29.00,22,10/10/2021
3,"Zagreb-3, Croatia",3,85.00,85.00,33.00,13,10/11/2021
3,"Zagreb-3, Croatia",3,92.00,92.00,21.00,19,10/12/2021
3,"Zagreb-3, Croatia",3,64.00,64.00,20.00,24,10/13/2021
3,"Zagreb-3, Croatia",3,60.00,60.00,31.00,23,10/14/2021
3,"Zagreb-3, Croatia",3,87.00,87.00,39.00,20,10/15/2021
3,"Zagreb-3, Croatia",3,107.00,107.00,35.00,27,10/16/2021
3,"Zagreb-3, Croatia",3,101.00,101.00,46.00,19,10/17/2021
3,"Zagreb-3, Croatia",3,120.00,120.00,47.00,20,10/18/2021
3,"Zagreb-3, Croatia",3,125.00,125.00,35.00,35,10/19/2021
3,"Zagreb-3, Croatia",3,99.00,99.00,20.00,34,10/20/2021
3,"Zagreb-3, Croatia",3,44.00,44.00,26.00,11,10/21/2021
3,"Zagreb-3, Croatia",3,80.00,80.00,18.00,19,10/22/2021
3,"Zagreb-3, Croatia",3,58.00,58.00,26.00,26,10/23/2021
3,"Zagreb-3, Croatia",3,79.00,79.00,40.00,21,10/24/2021
3,"Zagreb-3, Croatia",3,107.00,107.00,45.00,15,10/25/2021
3,"Zagreb-3, Croatia",3,123.00,123.00,51.00,16,10/26/2021
3,"Zagreb-3, Croatia",3,135.00,135.00,59.00,17,10/27/2021
3,"Zagreb-3, Croatia",3,149.00,149.00,64.00,21,10/28/2021
3,"Zagreb-3, Croatia",3,160.00,160.00,60.00,8,10/29/2021
3,"Zagreb-3, Croatia",3,153.00,153.00,54.00,9,10/30/2021
3,"Zagreb-3, Croatia",3,142.00,142.00,64.00,8,10/31/2021
3,"Zagreb-3, Croatia",3,158.00,158.00,25.00,13,11/1/2021
3,"Zagreb-3, Croatia",3,77.00,77.00,35.00,8,11/2/2021
3,"Zagreb-3, Croatia",3,98.00,98.00,27.00,2,11/3/2021
3,"Zagreb-3, Croatia",3,72.00,72.00,26.00,1,11/4/2021
3,"Zagreb-3, Croatia",3,74.00,74.00,28.00,1,11/5/2021
3,"Zagreb-3, Croatia",3,79.00,79.00,24.00,1,11/7/2021
3,"Zagreb-3, Croatia",3,77.00,77.00,36.00,1,11/8/2021
3,"Zagreb-3, Croatia",3,94.00,94.00,46.00,1,11/9/2021
3,"Zagreb-3, Croatia",3,121.00,121.00,43.00,1,11/10/2021
3,"Zagreb-3, Croatia",3,81.00,81.00,25.00,1,11/12/2021
3,"Zagreb-3, Croatia",3,132.00,132.00,37.00,1,11/17/2021
3,"Zagreb-3, Croatia",3,110.00,110.00,58.00,1,11/19/2021
3,"Zagreb-3, Croatia",3,105.00,105.00,19.00,1,11/22/2021
3,"Zagreb-3, Croatia",3,63.00,63.00,50.00,1,11/23/2021
3,"Zagreb-3, Croatia",3,135.00,135.00,54.00,2,11/24/2021
3,"Zagreb-3, Croatia",3,68.00,68.00,21.00,3,11/28/2021
3,"Zagreb-3, Croatia",3,68.00,68.00,26.00,2,11/29/2021
3,"Zagreb-3, Croatia",3,79.00,79.00,14.00,3,11/30/2021
3,"Zagreb-3, Croatia",3,38.00,38.00,15.00,6,12/1/2021
3,"Zagreb-3, Croatia",3,50.00,50.00,21.00,2,12/2/2021
3,"Zagreb-3, Croatia",3,63.00,63.00,50.00,1,12/3/2021
3,"Zagreb-3, Croatia",3,132.00,132.00,27.00,1,12/4/2021
3,"Zagreb-3, Croatia",3,87.00,87.00,26.00,1,12/5/2021
3,"Zagreb-3, Croatia",3,79.00,79.00,50.00,1,12/6/2021
3,"Zagreb-3, Croatia",3,136.00,136.00,39.00,1,12/7/2021
3,"Zagreb-3, Croatia",3,106.00,106.00,35.00,2,12/8/2021
3,"Zagreb-3, Croatia",3,106.00,106.00,46.00,1,12/9/2021
3,"Zagreb-3, Croatia",3,134.00,134.00,22.00,3,12/10/2021
3,"Zagreb-3, Croatia",3,76.00,76.00,25.00,1,12/11/2021
3,"Zagreb-3, Croatia",3,82.00,82.00,42.00,1,12/12/2021
3,"Zagreb-3, Croatia",3,123.00,123.00,41.00,2,12/13/2021
3,"Zagreb-3, Croatia",3,116.00,116.00,38.00,1,12/15/2021
3,"Zagreb-3, Croatia",3,111.00,111.00,40.00,1,12/16/2021
3,"Zagreb-3, Croatia",3,111.00,111.00,38.00,1,12/17/2021
3,"Zagreb-3, Croatia",3,111.00,111.00,45.00,1,12/18/2021
3,"Zagreb-3, Croatia",3,127.00,127.00,43.00,1,12/19/2021
3,"Zagreb-3, Croatia",3,114.00,114.00,46.00,1,12/20/2021
3,"Zagreb-3, Croatia",3,123.00,123.00,45.00,2,12/21/2021
3,"Zagreb-3, Croatia",3,115.00,115.00,62.00,1,12/22/2021
3,"Zagreb-3, Croatia",3,159.00,159.00,20.00,2,12/23/2021
3,"Zagreb-3, Croatia",3,76.00,76.00,18.00,2,12/25/2021
3,"Zagreb-3, Croatia",3,61.00,61.00,24.00,1,12/26/2021
3,"Zagreb-3, Croatia",3,79.00,79.00,28.00,1,12/27/2021
3,"Zagreb-3, Croatia",3,144.00,144.00,72.00,1,12/31/2021
3,"Zagreb-3, Croatia",3,87.00,87.00,16.00,5,1/3/2022
3,"Zagreb-3, Croatia",3,58.00,58.00,8.00,24,1/4/2022
3,"Zagreb-3, Croatia",3,27.00,27.00,15.00,23,1/5/2022
3,"Zagreb-3, Croatia",3,51.00,51.00,32.00,23,1/6/2022
3,"Zagreb-3, Croatia",3,98.00,98.00,52.00,11,1/7/2022
3,"Zagreb-3, Croatia",3,143.00,143.00,53.00,8,1/8/2022
3,"Zagreb-3, Croatia",3,150.00,150.00,46.00,18,1/9/2022
3,"Zagreb-3, Croatia",3,134.00,134.00,25.00,21,1/10/2022
3,"Zagreb-3, Croatia",3,80.00,80.00,37.00,19,1/11/2022
3,"Zagreb-3, Croatia",3,104.00,104.00,55.00,14,1/12/2022
3,"Zagreb-3, Croatia",3,144.00,144.00,56.00,10,1/13/2022
3,"Zagreb-3, Croatia",3,138.00,138.00,63.00,12,1/14/2022
3,"Zagreb-3, Croatia",3,152.00,152.00,75.00,12,1/15/2022
3,"Zagreb-3, Croatia",3,174.00,174.00,63.00,11,1/16/2022
3,"Zagreb-3, Croatia",3,156.00,156.00,34.00,17,1/17/2022
3,"Zagreb-3, Croatia",3,90.00,90.00,55.00,14,1/18/2022
3,"Zagreb-3, Croatia",3,139.00,139.00,41.00,14,1/19/2022
3,"Zagreb-3, Croatia",3,120.00,120.00,27.00,21,1/20/2022
3,"Zagreb-3, Croatia",3,76.00,76.00,26.00,19,1/21/2022
3,"Zagreb-3, Croatia",3,82.00,82.00,27.00,17,1/22/2022
3,"Zagreb-3, Croatia",3,88.00,88.00,35.00,19,1/23/2022
3,"Zagreb-3, Croatia",3,101.00,101.00,58.00,15,1/24/2022
3,"Zagreb-3, Croatia",3,150.00,150.00,72.00,6,1/25/2022
3,"Zagreb-3, Croatia",3,167.00,167.00,72.00,12,1/26/2022
3,"Zagreb-3, Croatia",3,166.00,166.00,52.00,23,1/27/2022
3,"Zagreb-3, Croatia",3,126.00,126.00,29.00,22,1/28/2022
3,"Zagreb-3, Croatia",3,81.00,81.00,36.00,25,1/29/2022
3,"Zagreb-3, Croatia",3,97.00,97.00,53.00,5,1/30/2022
3,"Zagreb-3, Croatia",3,142.00,142.00,40.00,19,1/31/2022
3,"Zagreb-3, Croatia",3,109.00,109.00,28.00,19,2/1/2022
3,"Zagreb-3, Croatia",3,80.00,80.00,30.00,8,2/2/2022
3,"Zagreb-3, Croatia",3,87.00,87.00,45.00,20,2/23/2022
3,"Zagreb-3, Croatia",3,109.00,109.00,24.00,24,2/24/2022
3,"Zagreb-3, Croatia",3,70.00,70.00,13.00,27,2/25/2022
3,"Zagreb-3, Croatia",3,48.00,48.00,16.00,25,2/26/2022
3,"Zagreb-3, Croatia",3,59.00,59.00,17.00,27,2/27/2022
3,"Zagreb-3, Croatia",3,59.00,59.00,25.00,27,2/28/2022
3,"Zagreb-3, Croatia",3,74.00,74.00,47.00,20,3/1/2022
3,"Zagreb-3, Croatia",3,120.00,120.00,50.00,27,3/2/2022
3,"Zagreb-3, Croatia",3,126.00,126.00,38.00,31,3/3/2022
3,"Zagreb-3, Croatia",3,100.00,100.00,28.00,27,3/4/2022
3,"Zagreb-3, Croatia",3,85.00,85.00,23.00,29,3/5/2022
3,"Zagreb-3, Croatia",3,67.00,67.00,36.00,26,3/6/2022
3,"Zagreb-3, Croatia",3,100.00,100.00,28.00,28,3/7/2022
3,"Zagreb-3, Croatia",3,73.00,73.00,36.00,30,3/8/2022
3,"Zagreb-3, Croatia",3,91.00,91.00,40.00,28,3/9/2022
3,"Zagreb-3, Croatia",3,101.00,101.00,32.00,30,3/10/2022
3,"Zagreb-3, Croatia",3,82.00,82.00,45.00,34,3/11/2022
3,"Zagreb-3, Croatia",3,111.00,111.00,54.00,36,3/12/2022
3,"Zagreb-3, Croatia",3,126.00,126.00,41.00,35,3/13/2022
3,"Zagreb-3, Croatia",3,101.00,101.00,36.00,32,3/14/2022
3,"Zagreb-3, Croatia",3,87.00,87.00,33.00,36,3/15/2022
3,"Zagreb-3, Croatia",3,75.00,75.00,43.00,40,3/16/2022
3,"Zagreb-3, Croatia",3,97.00,97.00,38.00,19,3/17/2022
3,"Zagreb-3, Croatia",3,94.00,94.00,48.00,35,3/18/2022
3,"Zagreb-3, Croatia",3,123.00,123.00,38.00,36,3/19/2022
3,"Zagreb-3, Croatia",3,94.00,94.00,37.00,36,3/20/2022
3,"Zagreb-3, Croatia",3,86.00,86.00,51.00,43,3/21/2022
3,"Zagreb-3, Croatia",3,112.00,112.00,61.00,41,3/24/2022
3,"Zagreb-3, Croatia",3,127.00,127.00,57.00,46,3/25/2022
3,"Zagreb-3, Croatia",3,124.00,124.00,52.00,40,3/26/2022
3,"Zagreb-3, Croatia",3,111.00,111.00,50.00,40,3/27/2022
3,"Zagreb-3, Croatia",3,108.00,108.00,39.00,42,3/28/2022
3,"Zagreb-3, Croatia",3,81.00,81.00,33.00,32,3/29/2022
3,"Zagreb-3, Croatia",3,77.00,77.00,21.00,14,3/30/2022
3,"Zagreb-3, Croatia",3,69.00,69.00,13.00,12,3/31/2022
3,"Zagreb-3, Croatia",3,49.00,49.00,19.00,22,4/1/2022
3,"Zagreb-3, Croatia",3,67.00,67.00,20.00,29,4/2/2022
3,"Zagreb-3, Croatia",3,65.00,65.00,24.00,33,4/3/2022
3,"Zagreb-3, Croatia",3,72.00,72.00,19.00,38,4/4/2022
3,"Zagreb-3, Croatia",3,60.00,60.00,20.00,35,4/5/2022
3,"Zagreb-3, Croatia",3,60.00,60.00,12.00,41,4/6/2022
3,"Zagreb-3, Croatia",3,39.00,39.00,13.00,33,4/7/2022
3,"Zagreb-3, Croatia",3,34.00,34.00,9.00,26,4/8/2022
3,"Zagreb-3, Croatia",3,28.00,28.00,12.00,32,4/9/2022
3,"Zagreb-3, Croatia",3,41.00,41.00,21.00,33,4/10/2022
3,"Zagreb-3, Croatia",3,60.00,60.00,17.00,39,4/11/2022
3,"Zagreb-3, Croatia",3,42.00,42.00,29.00,42,4/12/2022
3,"Zagreb-3, Croatia",3,67.00,67.00,27.00,43,4/13/2022
3,"Zagreb-3, Croatia",3,57.00,57.00,34.00,39,4/14/2022
3,"Zagreb-3, Croatia",3,82.00,82.00,8.00,32,4/15/2022
3,"Zagreb-3, Croatia",3,26.00,26.00,11.00,35,4/16/2022
3,"Zagreb-3, Croatia",3,42.00,42.00,13.00,36,4/17/2022
3,"Zagreb-3, Croatia",3,48.00,48.00,12.00,34,4/18/2022
3,"Zagreb-3, Croatia",3,44.00,44.00,19.00,34,4/19/2022
3,"Zagreb-3, Croatia",3,61.00,61.00,36.00,27,4/20/2022
3,"Zagreb-3, Croatia",3,95.00,95.00,23.00,21,4/21/2022
3,"Zagreb-3, Croatia",3,73.00,73.00,19.00,28,4/22/2022
3,"Zagreb-3, Croatia",3,59.00,59.00,11.00,34,4/23/2022
3,"Zagreb-3, Croatia",3,30.00,30.00,8.00,32,4/24/2022
3,"Zagreb-3, Croatia",3,22.00,22.00,14.00,29,4/25/2022
3,"Zagreb-3, Croatia",3,42.00,42.00,9.00,24,4/26/2022
3,"Zagreb-3, Croatia",3,31.00,31.00,15.00,40,4/27/2022
3,"Zagreb-3, Croatia",3,47.00,47.00,20.00,38,4/28/2022
3,"Zagreb-3, Croatia",3,55.00,55.00,23.00,41,4/29/2022
3,"Zagreb-3, Croatia",3,61.00,61.00,17.00,37,4/30/2022
3,"Zagreb-3, Croatia",3,53.00,53.00,16.00,31,5/1/2022
3,"Zagreb-3, Croatia",3,49.00,49.00,21.00,36,5/2/2022
3,"Zagreb-3, Croatia",3,55.00,55.00,23.00,35,5/3/2022
3,"Zagreb-3, Croatia",3,57.00,57.00,22.00,32,5/4/2022
3,"Zagreb-3, Croatia",3,55.00,55.00,21.00,28,5/5/2022
3,"Zagreb-3, Croatia",3,60.00,60.00,26.00,23,5/6/2022
3,"Zagreb-3, Croatia",3,76.00,76.00,24.00,34,5/7/2022
3,"Zagreb-3, Croatia",3,69.00,69.00,20.00,35,5/8/2022
3,"Zagreb-3, Croatia",3,57.00,57.00,24.00,38,5/9/2022
3,"Zagreb-3, Croatia",3,64.00,64.00,28.00,36,5/10/2022
3,"Zagreb-3, Croatia",3,60.00,60.00,24.00,43,5/11/2022
3,"Zagreb-3, Croatia",3,55.00,55.00,21.00,42,5/12/2022
3,"Zagreb-3, Croatia",3,54.00,54.00,18.00,40,5/13/2022
3,"Zagreb-3, Croatia",3,51.00,51.00,22.00,40,5/14/2022
3,"Zagreb-3, Croatia",3,57.00,57.00,22.00,34,5/15/2022
3,"Zagreb-3, Croatia",3,57.00,57.00,15.00,34,5/16/2022
3,"Zagreb-3, Croatia",3,46.00,46.00,17.00,38,5/17/2022
3,"Zagreb-3, Croatia",3,39.00,39.00,17.00,33,5/18/2022
3,"Zagreb-3, Croatia",3,34.00,34.00,20.00,43,5/19/2022
3,"Zagreb-3, Croatia",3,41.00,41.00,19.00,46,5/20/2022
3,"Zagreb-3, Croatia",3,45.00,45.00,12.00,40,5/21/2022
3,"Zagreb-3, Croatia",3,30.00,30.00,18.00,37,5/22/2022
3,"Zagreb-3, Croatia",3,41.00,41.00,38.00,34,5/23/2022
3,"Zagreb-3, Croatia",3,63.00,63.00,24.00,36,5/24/2022
3,"Zagreb-3, Croatia",3,52.00,52.00,12.00,36,5/25/2022
3,"Zagreb-3, Croatia",3,25.00,25.00,23.00,40,5/26/2022
3,"Zagreb-3, Croatia",3,43.00,43.00,11.00,26,5/27/2022
3,"Zagreb-3, Croatia",3,31.00,31.00,6.00,25,5/28/2022
3,"Zagreb-3, Croatia",3,21.00,21.00,7.00,24,5/29/2022
3,"Zagreb-3, Croatia",3,24.00,24.00,12.00,16,5/30/2022
3,"Zagreb-3, Croatia",3,40.00,40.00,18.00,33,5/31/2022
3,"Zagreb-3, Croatia",3,51.00,51.00,15.00,39,6/1/2022
3,"Zagreb-3, Croatia",3,37.00,37.00,15.00,33,6/2/2022
3,"Zagreb-3, Croatia",3,40.00,40.00,11.00,35,6/5/2022
3,"Zagreb-3, Croatia",3,31.00,31.00,17.00,38,6/6/2022
3,"Zagreb-3, Croatia",3,46.00,46.00,7.00,22,6/7/2022
3,"Zagreb-3, Croatia",3,20.00,20.00,9.00,27,6/8/2022
3,"Zagreb-3, Croatia",3,28.00,28.00,7.00,35,6/9/2022
3,"Zagreb-3, Croatia",3,18.00,18.00,11.00,41,6/10/2022
3,"Zagreb-3, Croatia",3,29.00,29.00,13.00,41,6/11/2022
3,"Zagreb-3, Croatia",3,39.00,39.00,16.00,35,6/12/2022
3,"Zagreb-3, Croatia",3,47.00,47.00,12.00,39,6/13/2022
3,"Zagreb-3, Croatia",3,31.00,31.00,17.00,39,6/14/2022
3,"Zagreb-3, Croatia",3,45.00,45.00,16.00,38,6/15/2022
3,"Zagreb-3, Croatia",3,50.00,50.00,16.00,40,6/16/2022
3,"Zagreb-3, Croatia",3,46.00,46.00,13.00,41,6/17/2022
3,"Zagreb-3, Croatia",3,35.00,35.00,16.00,39,6/18/2022
3,"Zagreb-3, Croatia",3,46.00,46.00,21.00,42,6/19/2022
3,"Zagreb-3, Croatia",3,48.00,48.00,22.00,44,6/20/2022
3,"Zagreb-3, Croatia",3,53.00,53.00,19.00,46,6/21/2022
3,"Zagreb-3, Croatia",3,52.00,52.00,15.00,52,6/22/2022
3,"Zagreb-3, Croatia",3,41.00,41.00,24.00,43,6/23/2022
3,"Zagreb-3, Croatia",3,56.00,56.00,21.00,54,6/24/2022
3,"Zagreb-3, Croatia",3,51.00,51.00,15.00,58,6/25/2022
3,"Zagreb-3, Croatia",3,42.00,42.00,24.00,47,6/26/2022
3,"Zagreb-3, Croatia",3,52.00,52.00,30.00,76,6/27/2022
3,"Zagreb-3, Croatia",3,67.00,67.00,29.00,70,6/28/2022
3,"Zagreb-3, Croatia",3,58.00,58.00,25.00,75,6/29/2022
3,"Zagreb-3, Croatia",3,59.00,59.00,19.00,79,6/30/2022
3,"Zagreb-3, Croatia",3,41.00,41.00,10.00,89,7/1/2022
3,"Zagreb-3, Croatia",3,16.00,16.00,14.00,101,7/2/2022
3,"Zagreb-3, Croatia",3,31.00,31.00,23.00,46,7/3/2022
3,"Zagreb-3, Croatia",3,48.00,48.00,12.00,37,7/4/2022
3,"Zagreb-3, Croatia",3,28.00,28.00,16.00,40,7/5/2022
3,"Zagreb-3, Croatia",3,31.00,31.00,12.00,38,7/6/2022
3,"Zagreb-3, Croatia",3,33.00,33.00,11.00,24,7/7/2022
3,"Zagreb-3, Croatia",3,31.00,31.00,8.00,30,7/8/2022
3,"Zagreb-3, Croatia",3,22.00,22.00,9.00,30,7/9/2022
3,"Zagreb-3, Croatia",3,28.00,28.00,9.00,28,7/10/2022
3,"Zagreb-3, Croatia",3,22.00,22.00,11.00,32,7/11/2022
3,"Zagreb-3, Croatia",3,29.00,29.00,8.00,34,7/12/2022
3,"Zagreb-3, Croatia",3,20.00,20.00,13.00,36,7/13/2022
3,"Zagreb-3, Croatia",3,30.00,30.00,16.00,39,7/14/2022
3,"Zagreb-3, Croatia",3,39.00,39.00,14.00,43,7/15/2022
3,"Zagreb-3, Croatia",3,32.00,32.00,11.00,38,7/16/2022
3,"Zagreb-3, Croatia",3,22.00,22.00,18.00,43,7/17/2022
3,"Zagreb-3, Croatia",3,30.00,30.00,21.00,45,7/18/2022
3,"Zagreb-3, Croatia",3,34.00,34.00,21.00,43,7/19/2022
3,"Zagreb-3, Croatia",3,36.00,36.00,23.00,51,7/20/2022
3,"Zagreb-3, Croatia",3,40.00,40.00,27.00,57,7/21/2022
3,"Zagreb-3, Croatia",3,51.00,51.00,26.00,52,7/22/2022
3,"Zagreb-3, Croatia",3,60.00,60.00,15.00,53,7/23/2022
3,"Zagreb-3, Croatia",3,47.00,47.00,16.00,50,7/24/2022
3,"Zagreb-3, Croatia",3,47.00,47.00,17.00,32,7/25/2022
3,"Zagreb-3, Croatia",3,52.00,52.00,18.00,40,7/26/2022
3,"Zagreb-3, Croatia",3,57.00,57.00,17.00,44,7/27/2022
3,"Zagreb-3, Croatia",3,47.00,47.00,23.00,47,7/28/2022
3,"Zagreb-3, Croatia",3,53.00,53.00,14.00,28,7/29/2022
3,"Zagreb-3, Croatia",3,46.00,46.00,12.00,44,7/30/2022
3,"Zagreb-3, Croatia",3,38.00,38.00,15.00,41,7/31/2022
3,"Zagreb-3, Croatia",3,44.00,44.00,11.00,27,8/1/2022
3,"Zagreb-3, Croatia",3,32.00,32.00,13.00,44,8/2/2022
3,"Zagreb-3, Croatia",3,38.00,38.00,13.00,49,8/3/2022
3,"Zagreb-3, Croatia",3,33.00,33.00,13.00,48,8/4/2022
3,"Zagreb-3, Croatia",3,38.00,38.00,16.00,49,8/5/2022
3,"Zagreb-3, Croatia",3,43.00,43.00,9.00,39,8/6/2022
3,"Zagreb-3, Croatia",3,31.00,31.00,9.00,36,8/7/2022
3,"Zagreb-3, Croatia",3,25.00,25.00,11.00,41,8/8/2022
3,"Zagreb-3, Croatia",3,30.00,30.00,11.00,35,8/9/2022
3,"Zagreb-3, Croatia",3,27.00,27.00,14.00,37,8/10/2022
3,"Zagreb-3, Croatia",3,35.00,35.00,17.00,35,8/11/2022
3,"Zagreb-3, Croatia",3,31.00,31.00,8.00,35,8/12/2022
3,"Zagreb-3, Croatia",3,30.00,30.00,12.00,44,8/13/2022
3,"Zagreb-3, Croatia",3,44.00,44.00,13.00,46,8/14/2022
3,"Zagreb-3, Croatia",3,45.00,45.00,12.00,43,8/15/2022
3,"Zagreb-3, Croatia",3,37.00,37.00,14.00,43,8/16/2022
3,"Zagreb-3, Croatia",3,43.00,43.00,21.00,41,8/17/2022
3,"Zagreb-3, Croatia",3,46.00,46.00,23.00,32,8/18/2022
3,"Zagreb-3, Croatia",3,51.00,51.00,15.00,34,8/19/2022
3,"Zagreb-3, Croatia",3,46.00,46.00,8.00,34,8/20/2022
3,"Zagreb-3, Croatia",3,25.00,25.00,9.00,15,8/21/2022
3,"Zagreb-3, Croatia",3,33.00,33.00,5.00,18,8/22/2022
3,"Zagreb-3, Croatia",3,17.00,17.00,10.00,33,8/23/2022
3,"Zagreb-3, Croatia",3,29.00,29.00,17.00,36,8/24/2022
3,"Zagreb-3, Croatia",3,51.00,51.00,26.00,43,8/25/2022
3,"Zagreb-3, Croatia",3,63.00,63.00,29.00,46,8/26/2022
3,"Zagreb-3, Croatia",3,62.00,62.00,13.00,39,8/27/2022
3,"Zagreb-3, Croatia",3,44.00,44.00,10.00,31,8/28/2022
3,"Zagreb-3, Croatia",3,30.00,30.00,13.00,40,8/29/2022
3,"Zagreb-3, Croatia",3,39.00,39.00,17.00,39,8/30/2022
3,"Zagreb-3, Croatia",3,46.00,46.00,9.00,28,8/31/2022
3,"Zagreb-3, Croatia",3,31.00,31.00,13.00,26,9/1/2022
3,"Zagreb-3, Croatia",3,37.00,37.00,14.00,29,9/2/2022
3,"Zagreb-3, Croatia",3,43.00,43.00,16.00,36,9/3/2022
3,"Zagreb-3, Croatia",3,49.00,49.00,21.00,33,9/4/2022
3,"Zagreb-3, Croatia",3,60.00,60.00,21.00,32,9/5/2022
3,"Zagreb-3, Croatia",3,56.00,56.00,22.00,43,9/6/2022
3,"Zagreb-3, Croatia",3,59.00,59.00,15.00,21,9/7/2022
3,"Zagreb-3, Croatia",3,44.00,44.00,9.00,25,9/8/2022
3,"Zagreb-3, Croatia",3,29.00,29.00,7.00,29,9/9/2022
3,"Zagreb-3, Croatia",3,23.00,23.00,6.00,26,9/10/2022
3,"Zagreb-3, Croatia",3,16.00,16.00,8.00,26,9/11/2022
3,"Zagreb-3, Croatia",3,24.00,24.00,11.00,30,9/12/2022
3,"Zagreb-3, Croatia",3,34.00,34.00,10.00,35,9/13/2022
3,"Zagreb-3, Croatia",3,20.00,20.00,11.00,25,9/14/2022
3,"Zagreb-3, Croatia",3,30.00,30.00,7.00,21,9/15/2022
3,"Zagreb-3, Croatia",3,29.00,29.00,5.00,24,9/16/2022
3,"Zagreb-3, Croatia",3,20.00,20.00,5.00,18,9/17/2022
3,"Zagreb-3, Croatia",3,19.00,19.00,7.00,19,9/18/2022
3,"Zagreb-3, Croatia",3,27.00,27.00,8.00,20,9/19/2022
3,"Zagreb-3, Croatia",3,32.00,32.00,8.00,24,9/20/2022
3,"Zagreb-3, Croatia",3,29.00,29.00,12.00,20,9/21/2022
3,"Zagreb-3, Croatia",3,43.00,43.00,13.00,24,9/22/2022
3,"Zagreb-3, Croatia",3,46.00,46.00,16.00,27,9/23/2022
3,"Zagreb-3, Croatia",3,53.00,53.00,13.00,20,9/24/2022
3,"Zagreb-3, Croatia",3,49.00,49.00,16.00,19,9/25/2022
3,"Zagreb-3, Croatia",3,58.00,58.00,10.00,16,9/26/2022
3,"Zagreb-3, Croatia",3,40.00,40.00,10.00,14,9/27/2022
3,"Zagreb-3, Croatia",3,34.00,34.00,10.00,14,9/28/2022
3,"Zagreb-3, Croatia",3,41.00,41.00,10.00,11,9/29/2022
3,"Zagreb-3, Croatia",3,41.00,41.00,9.00,23,9/30/2022
3,"Zagreb-3, Croatia",3,37.00,37.00,11.00,20,10/1/2022
3,"Zagreb-3, Croatia",3,41.00,41.00,10.00,20,10/2/2022
3,"Zagreb-3, Croatia",3,37.00,37.00,13.00,19,10/3/2022
3,"Zagreb-3, Croatia",3,44.00,44.00,16.00,17,10/4/2022
3,"Zagreb-3, Croatia",3,55.00,55.00,22.00,18,10/5/2022
3,"Zagreb-3, Croatia",3,68.00,68.00,24.00,25,10/6/2022
3,"Zagreb-3, Croatia",3,72.00,72.00,35.00,17,10/7/2022
3,"Zagreb-3, Croatia",3,102.00,102.00,25.00,24,10/8/2022
3,"Zagreb-3, Croatia",3,77.00,77.00,27.00,17,10/9/2022
3,"Zagreb-3, Croatia",3,81.00,81.00,34.00,18,10/10/2022
3,"Zagreb-3, Croatia",3,97.00,97.00,37.00,10,10/11/2022
3,"Zagreb-3, Croatia",3,116.00,116.00,42.00,20,10/16/2022
3,"Zagreb-3, Croatia",3,112.00,112.00,48.00,18,10/17/2022
3,"Zagreb-3, Croatia",3,128.00,128.00,48.00,8,10/18/2022
3,"Zagreb-3, Croatia",3,135.00,135.00,19.00,16,10/19/2022
3,"Zagreb-3, Croatia",3,62.00,62.00,27.00,19,10/20/2022
3,"Zagreb-3, Croatia",3,82.00,82.00,12.00,21,10/21/2022
3,"Zagreb-3, Croatia",3,44.00,44.00,13.00,22,10/22/2022
3,"Zagreb-3, Croatia",3,50.00,50.00,22.00,19,10/23/2022
3,"Zagreb-3, Croatia",3,66.00,66.00,11.00,13,10/24/2022
3,"Zagreb-3, Croatia",3,45.00,45.00,24.00,5,10/25/2022
3,"Zagreb-3, Croatia",3,78.00,78.00,20.00,7,10/26/2022
3,"Zagreb-3, Croatia",3,70.00,70.00,14.00,6,10/27/2022
3,"Zagreb-3, Croatia",3,53.00,53.00,14.00,6,10/28/2022
3,"Zagreb-3, Croatia",3,53.00,53.00,18.00,3,10/29/2022
3,"Zagreb-3, Croatia",3,65.00,65.00,26.00,3,10/30/2022
3,"Zagreb-3, Croatia",3,85.00,85.00,29.00,6,10/31/2022
3,"Zagreb-3, Croatia",3,93.00,93.00,34.00,11,11/1/2022
3,"Zagreb-3, Croatia",3,101.00,101.00,26.00,17,11/2/2022
3,"Zagreb-3, Croatia",3,82.00,82.00,30.00,13,11/3/2022
3,"Zagreb-3, Croatia",3,95.00,95.00,9.00,21,11/4/2022
3,"Zagreb-3, Croatia",3,35.00,35.00,12.00,23,11/5/2022
3,"Zagreb-3, Croatia",3,42.00,42.00,35.00,13,11/6/2022
3,"Zagreb-3, Croatia",3,104.00,104.00,47.00,6,11/7/2022
3,"Zagreb-3, Croatia",3,132.00,132.00,37.00,15,11/8/2022
3,"Zagreb-3, Croatia",3,105.00,105.00,27.00,16,11/9/2022
3,"Zagreb-3, Croatia",3,85.00,85.00,33.00,3,11/10/2022
3,"Zagreb-3, Croatia",3,103.00,103.00,33.00,1,11/11/2022
3,"Zagreb-3, Croatia",3,105.00,105.00,38.00,14,11/12/2022
3,"Zagreb-3, Croatia",3,115.00,115.00,37.00,3,11/13/2022
3,"Zagreb-3, Croatia",3,113.00,113.00,30.00,4,11/14/2022
3,"Zagreb-3, Croatia",3,96.00,96.00,34.00,2,11/15/2022
3,"Zagreb-3, Croatia",3,105.00,105.00,21.00,4,11/16/2022
3,"Zagreb-3, Croatia",3,74.00,74.00,19.00,2,11/17/2022
3,"Zagreb-3, Croatia",3,69.00,69.00,21.00,8,11/18/2022
3,"Zagreb-3, Croatia",3,74.00,74.00,18.00,9,11/19/2022
3,"Zagreb-3, Croatia",3,61.00,61.00,16.00,9,11/20/2022
3,"Zagreb-3, Croatia",3,60.00,60.00,15.00,12,11/21/2022
3,"Zagreb-3, Croatia",3,58.00,58.00,16.00,12,11/22/2022
3,"Zagreb-3, Croatia",3,51.00,51.00,38.00,6,11/23/2022
3,"Zagreb-3, Croatia",3,111.00,111.00,48.00,1,11/24/2022
3,"Zagreb-3, Croatia",3,136.00,136.00,48.00,2,11/25/2022
3,"Zagreb-3, Croatia",3,137.00,137.00,42.00,11,11/26/2022
3,"Zagreb-3, Croatia",3,122.00,122.00,41.00,12,11/27/2022
3,"Zagreb-3, Croatia",3,115.00,115.00,34.00,11,11/28/2022
3,"Zagreb-3, Croatia",3,103.00,103.00,23.00,11,11/29/2022
3,"Zagreb-3, Croatia",3,78.00,78.00,23.00,10,11/30/2022
3,"Zagreb-3, Croatia",3,78.00,78.00,31.00,7,12/1/2022
3,"Zagreb-3, Croatia",3,98.00,98.00,39.00,3,12/2/2022
3,"Zagreb-3, Croatia",3,118.00,118.00,35.00,3,12/3/2022
3,"Zagreb-3, Croatia",3,107.00,107.00,29.00,2,12/4/2022
3,"Zagreb-3, Croatia",3,93.00,93.00,31.00,3,12/5/2022
3,"Zagreb-3, Croatia",3,133.00,133.00,34.00,4,12/7/2022
3,"Zagreb-3, Croatia",3,105.00,105.00,33.00,3,12/8/2022
3,"Zagreb-3, Croatia",3,104.00,104.00,18.00,11,12/9/2022
3,"Zagreb-3, Croatia",3,66.00,66.00,16.00,14,12/10/2022
3,"Zagreb-3, Croatia",3,59.00,59.00,29.00,16,12/11/2022
3,"Zagreb-3, Croatia",3,89.00,89.00,57.00,2,12/12/2022
3,"Zagreb-3, Croatia",3,155.00,155.00,57.00,5,12/13/2022
3,"Zagreb-3, Croatia",3,157.00,157.00,61.00,3,12/14/2022
3,"Zagreb-3, Croatia",3,161.00,161.00,46.00,3,12/15/2022
3,"Zagreb-3, Croatia",3,135.00,135.00,36.00,4,12/16/2022
3,"Zagreb-3, Croatia",3,109.00,109.00,40.00,15,12/17/2022
3,"Zagreb-3, Croatia",3,117.00,117.00,44.00,10,12/18/2022
3,"Zagreb-3, Croatia",3,127.00,127.00,32.00,12,12/19/2022
3,"Zagreb-3, Croatia",3,97.00,97.00,42.00,3,12/20/2022
3,"Zagreb-3, Croatia",3,123.00,123.00,55.00,2,12/21/2022
3,"Zagreb-3, Croatia",3,147.00,147.00,44.00,8,12/22/2022
3,"Zagreb-3, Croatia",3,123.00,123.00,26.00,14,12/23/2022
3,"Zagreb-3, Croatia",3,80.00,80.00,63.00,4,12/24/2022
3,"Zagreb-3, Croatia",3,162.00,162.00,23.00,15,12/25/2022
3,"Zagreb-3, Croatia",3,78.00,78.00,17.00,15,12/26/2022
3,"Zagreb-3, Croatia",3,64.00,64.00,29.00,15,12/27/2022
3,"Zagreb-3, Croatia",3,88.00,88.00,49.00,8,12/28/2022
3,"Zagreb-3, Croatia",3,129.00,129.00,24.00,17,12/29/2022
3,"Zagreb-3, Croatia",3,80.00,80.00,19.00,17,12/30/2022
3,"Zagreb-3, Croatia",3,67.00,67.00,17.00,18,12/31/2022
3,"Zagreb-3, Croatia",3,64.00,64.00,12.00,23,1/1/2023
3,"Zagreb-3, Croatia",3,49.00,49.00,20.00,17,1/2/2023
3,"Zagreb-3, Croatia",3,69.00,69.00,27.00,14,1/3/2023
3,"Zagreb-3, Croatia",3,86.00,86.00,22.00,9,1/4/2023
3,"Zagreb-3, Croatia",3,74.00,74.00,32.00,10,1/5/2023
3,"Zagreb-3, Croatia",3,97.00,97.00,32.00,12,1/6/2023
3,"Zagreb-3, Croatia",3,100.00,100.00,16.00,24,1/7/2023
3,"Zagreb-3, Croatia",3,57.00,57.00,14.00,21,1/8/2023
3,"Zagreb-3, Croatia",3,51.00,51.00,6.00,21,1/9/2023
3,"Zagreb-3, Croatia",3,25.00,25.00,24.00,12,1/10/2023
3,"Zagreb-3, Croatia",3,76.00,76.00,43.00,7,1/11/2023
3,"Zagreb-3, Croatia",3,122.00,122.00,60.00,3,1/12/2023
3,"Zagreb-3, Croatia",3,154.00,154.00,50.00,9,1/13/2023
3,"Zagreb-3, Croatia",3,141.00,141.00,34.00,7,1/14/2023
3,"Zagreb-3, Croatia",3,105.00,105.00,20.00,19,1/15/2023
3,"Zagreb-3, Croatia",3,66.00,66.00,18.00,16,1/16/2023
3,"Zagreb-3, Croatia",3,65.00,65.00,23.00,9,1/17/2023
3,"Zagreb-3, Croatia",3,79.00,79.00,21.00,15,1/18/2023
3,"Zagreb-3, Croatia",3,72.00,72.00,34.00,14,1/19/2023
3,"Zagreb-3, Croatia",3,92.00,92.00,33.00,18,1/20/2023
3,"Zagreb-3, Croatia",3,79.00,79.00,13.00,17,1/21/2023
3,"Zagreb-3, Croatia",3,48.00,48.00,13.00,15,1/22/2023
3,"Zagreb-3, Croatia",3,53.00,53.00,23.00,13,1/23/2023
3,"Zagreb-3, Croatia",3,77.00,77.00,25.00,13,1/24/2023
3,"Zagreb-3, Croatia",3,81.00,81.00,24.00,18,1/25/2023
3,"Zagreb-3, Croatia",3,111.00,111.00,32.00,28,2/1/2023
3,"Zagreb-3, Croatia",3,93.00,93.00,21.00,19,2/2/2023
3,"Zagreb-3, Croatia",3,63.00,63.00,16.00,27,2/3/2023
3,"Zagreb-3, Croatia",3,50.00,50.00,7.00,25,2/4/2023
3,"Zagreb-3, Croatia",3,29.00,29.00,22.00,20,2/5/2023
3,"Zagreb-3, Croatia",3,73.00,73.00,45.00,15,2/6/2023
3,"Zagreb-3, Croatia",3,123.00,123.00,47.00,18,2/7/2023
3,"Zagreb-3, Croatia",3,126.00,126.00,38.00,27,2/8/2023
3,"Zagreb-3, Croatia",3,109.00,109.00,61.00,18,2/9/2023
3,"Zagreb-3, Croatia",3,150.00,150.00,54.00,25,2/10/2023
3,"Zagreb-3, Croatia",3,141.00,141.00,47.00,18,2/11/2023
3,"Zagreb-3, Croatia",3,127.00,127.00,35.00,20,2/12/2023
3,"Zagreb-3, Croatia",3,102.00,102.00,47.00,21,2/13/2023
3,"Zagreb-3, Croatia",3,128.00,128.00,50.00,21,2/14/2023
3,"Zagreb-3, Croatia",3,137.00,137.00,64.00,16,2/15/2023
3,"Zagreb-3, Croatia",3,157.00,157.00,35.00,32,2/16/2023
3,"Zagreb-3, Croatia",3,104.00,104.00,40.00,32,2/17/2023
3,"Zagreb-3, Croatia",3,115.00,115.00,21.00,33,2/18/2023
3,"Zagreb-3, Croatia",3,72.00,72.00,25.00,25,2/19/2023
3,"Zagreb-3, Croatia",3,81.00,81.00,28.00,23,2/20/2023
3,"Zagreb-3, Croatia",3,86.00,86.00,45.00,21,2/21/2023
3,"Zagreb-3, Croatia",3,125.00,125.00,61.00,14,2/22/2023
3,"Zagreb-3, Croatia",3,153.00,153.00,32.00,26,2/23/2023
3,"Zagreb-3, Croatia",3,93.00,93.00,13.00,29,2/24/2023
3,"Zagreb-3, Croatia",3,46.00,46.00,11.00,27,2/25/2023
3,"Zagreb-3, Croatia",3,39.00,39.00,19.00,25,2/26/2023
3,"Zagreb-3, Croatia",3,62.00,62.00,24.00,23,2/27/2023
3,"Zagreb-3, Croatia",3,78.00,78.00,26.00,15,2/28/2023
3,"Zagreb-3, Croatia",3,84.00,84.00,34.00,16,3/1/2023
3,"Zagreb-3, Croatia",3,103.00,103.00,44.00,11,3/2/2023
3,"Zagreb-3, Croatia",3,124.00,124.00,40.00,20,3/3/2023
3,"Zagreb-3, Croatia",3,112.00,112.00,32.00,27,3/4/2023
3,"Zagreb-3, Croatia",3,97.00,97.00,32.00,24,3/5/2023
3,"Zagreb-3, Croatia",3,93.00,93.00,24.00,36,3/6/2023
3,"Zagreb-3, Croatia",3,78.00,78.00,10.00,33,3/7/2023
3,"Zagreb-3, Croatia",3,38.00,38.00,11.00,31,3/8/2023
3,"Zagreb-3, Croatia",3,33.00,33.00,23.00,22,3/9/2023
3,"Zagreb-3, Croatia",3,72.00,72.00,12.00,28,3/10/2023
3,"Zagreb-3, Croatia",3,42.00,42.00,14.00,32,3/11/2023
3,"Zagreb-3, Croatia",3,49.00,49.00,31.00,32,3/12/2023
3,"Zagreb-3, Croatia",3,89.00,89.00,9.00,31,3/13/2023
3,"Zagreb-3, Croatia",3,32.00,32.00,7.00,28,3/14/2023
3,"Zagreb-3, Croatia",3,25.00,25.00,15.00,31,3/15/2023
3,"Zagreb-3, Croatia",3,49.00,49.00,35.00,32,3/16/2023
3,"Zagreb-3, Croatia",3,98.00,98.00,26.00,36,3/17/2023
3,"Zagreb-3, Croatia",3,78.00,78.00,26.00,39,3/18/2023
3,"Zagreb-3, Croatia",3,80.00,80.00,19.00,29,3/19/2023
3,"Zagreb-3, Croatia",3,65.00,65.00,30.00,32,3/20/2023
3,"Zagreb-3, Croatia",3,89.00,89.00,35.00,30,3/21/2023
3,"Zagreb-3, Croatia",3,99.00,99.00,28.00,30,3/22/2023
3,"Zagreb-3, Croatia",3,81.00,81.00,15.00,39,3/23/2023
3,"Zagreb-3, Croatia",3,47.00,47.00,8.00,32,3/24/2023
3,"Zagreb-3, Croatia",3,34.00,34.00,19.00,31,3/25/2023
3,"Zagreb-3, Croatia",3,65.00,65.00,3.00,31,3/26/2023
3,"Zagreb-3, Croatia",3,13.00,13.00,10.00,32,3/27/2023
3,"Zagreb-3, Croatia",3,34.00,34.00,27.00,24,3/28/2023
3,"Zagreb-3, Croatia",3,76.00,76.00,10.00,35,3/29/2023
3,"Zagreb-3, Croatia",3,33.00,33.00,11.00,35,3/30/2023
3,"Zagreb-3, Croatia",3,37.00,37.00,6.00,34,3/31/2023
3,"Zagreb-3, Croatia",3,25.00,25.00,10.00,28,4/1/2023
3,"Zagreb-3, Croatia",3,40.00,40.00,7.00,32,4/2/2023
3,"Zagreb-3, Croatia",3,25.00,25.00,10.00,33,4/3/2023
3,"Zagreb-3, Croatia",3,35.00,35.00,13.00,35,4/4/2023
3,"Zagreb-3, Croatia",3,48.00,48.00,19.00,35,4/5/2023
3,"Zagreb-3, Croatia",3,58.00,58.00,32.00,36,4/6/2023
3,"Zagreb-3, Croatia",3,92.00,92.00,28.00,34,4/7/2023
3,"Zagreb-3, Croatia",3,87.00,87.00,14.00,27,4/8/2023
3,"Zagreb-3, Croatia",3,55.00,55.00,18.00,33,4/9/2023
3,"Zagreb-3, Croatia",3,64.00,64.00,36.00,12,4/10/2023
3,"Zagreb-3, Croatia",3,50.00,50.00,17.00,28,4/18/2023
3,"Zagreb-3, Croatia",3,60.00,60.00,19.00,32,4/19/2023
3,"Zagreb-3, Croatia",3,62.00,62.00,26.00,35,4/20/2023
3,"Zagreb-3, Croatia",3,76.00,76.00,22.00,40,4/21/2023
3,"Zagreb-3, Croatia",3,66.00,66.00,22.00,36,4/22/2023
3,"Zagreb-3, Croatia",3,70.00,70.00,12.00,25,4/23/2023
3,"Zagreb-3, Croatia",3,46.00,46.00,6.00,34,4/24/2023
3,"Zagreb-3, Croatia",3,20.00,20.00,11.00,33,4/25/2023
3,"Zagreb-3, Croatia",3,38.00,38.00,14.00,38,4/26/2023
3,"Zagreb-3, Croatia",3,48.00,48.00,17.00,28,4/27/2023
3,"Zagreb-3, Croatia",3,55.00,55.00,12.00,40,4/28/2023
3,"Zagreb-3, Croatia",3,40.00,40.00,11.00,34,4/29/2023
3,"Zagreb-3, Croatia",3,43.00,43.00,14.00,35,4/30/2023
3,"Zagreb-3, Croatia",3,52.00,52.00,17.00,28,5/1/2023
3,"Zagreb-3, Croatia",3,63.00,63.00,10.00,30,5/2/2023
3,"Zagreb-3, Croatia",3,42.00,42.00,15.00,35,5/3/2023
3,"Zagreb-3, Croatia",3,53.00,53.00,20.00,37,5/4/2023
3,"Zagreb-3, Croatia",3,63.00,63.00,23.00,44,5/5/2023
3,"Zagreb-3, Croatia",3,71.00,71.00,16.00,41,5/6/2023
3,"Zagreb-3, Croatia",3,56.00,56.00,19.00,23,5/7/2023
3,"Zagreb-3, Croatia",3,64.00,64.00,16.00,29,5/8/2023
3,"Zagreb-3, Croatia",3,51.00,51.00,19.00,25,5/9/2023
3,"Zagreb-3, Croatia",3,62.00,62.00,18.00,19,5/10/2023
3,"Zagreb-3, Croatia",3,64.00,64.00,7.00,10,5/11/2023
3,"Zagreb-3, Croatia",3,33.00,33.00,14.00,19,5/12/2023
3,"Zagreb-3, Croatia",3,55.00,55.00,13.00,20,5/13/2023
3,"Zagreb-3, Croatia",3,51.00,51.00,8.00,23,5/14/2023
3,"Zagreb-3, Croatia",3,33.00,33.00,5.00,25,5/15/2023
3,"Zagreb-3, Croatia",3,23.00,23.00,4.00,29,5/16/2023
3,"Zagreb-3, Croatia",3,15.00,15.00,13.00,28,5/17/2023
3,"Zagreb-3, Croatia",3,44.00,44.00,17.00,24,5/18/2023
3,"Zagreb-3, Croatia",3,59.00,59.00,19.00,35,5/19/2023
3,"Zagreb-3, Croatia",3,60.00,60.00,20.00,39,5/20/2023
3,"Zagreb-3, Croatia",3,60.00,60.00,21.00,40,5/21/2023
3,"Zagreb-3, Croatia",3,62.00,62.00,21.00,37,5/22/2023
3,"Zagreb-3, Croatia",3,63.00,63.00,14.00,28,5/23/2023
3,"Zagreb-3, Croatia",3,53.00,53.00,14.00,35,5/24/2023
3,"Zagreb-3, Croatia",3,49.00,49.00,18.00,36,5/25/2023
3,"Zagreb-3, Croatia",3,53.00,53.00,17.00,35,5/28/2023
3,"Zagreb-3, Croatia",3,55.00,55.00,14.00,37,5/29/2023
3,"Zagreb-3, Croatia",3,47.00,47.00,18.00,26,5/30/2023
3,"Zagreb-3, Croatia",3,59.00,59.00,20.00,39,5/31/2023
3,"Zagreb-3, Croatia",3,66.00,66.00,20.00,44,6/1/2023
3,"Zagreb-3, Croatia",3,70.00,70.00,13.00,35,6/2/2023
3,"Zagreb-3, Croatia",3,53.00,53.00,13.00,35,6/3/2023
3,"Zagreb-3, Croatia",3,53.00,53.00,15.00,16,6/4/2023
3,"Zagreb-3, Croatia",3,59.00,59.00,12.00,19,6/5/2023
3,"Zagreb-3, Croatia",3,48.00,48.00,11.00,32,6/6/2023
3,"Zagreb-3, Croatia",3,41.00,41.00,10.00,32,6/7/2023
3,"Zagreb-3, Croatia",3,41.00,41.00,10.00,33,6/8/2023
3,"Zagreb-3, Croatia",3,41.00,41.00,12.00,35,6/9/2023
3,"Zagreb-3, Croatia",3,46.00,46.00,11.00,31,6/10/2023
3,"Zagreb-3, Croatia",3,47.00,47.00,9.00,35,6/11/2023
3,"Zagreb-3, Croatia",3,34.00,34.00,12.00,36,6/12/2023
3,"Zagreb-3, Croatia",3,39.00,39.00,12.00,40,6/13/2023
3,"Zagreb-3, Croatia",3,44.00,44.00,13.00,40,6/14/2023
3,"Zagreb-3, Croatia",3,43.00,43.00,13.00,41,6/15/2023
3,"Zagreb-3, Croatia",3,49.00,49.00,13.00,40,6/16/2023
3,"Zagreb-3, Croatia",3,49.00,49.00,15.00,45,6/17/2023
3,"Zagreb-3, Croatia",3,60.00,60.00,18.00,47,6/18/2023
3,"Zagreb-3, Croatia",3,58.00,58.00,19.00,45,6/19/2023
3,"Zagreb-3, Croatia",3,62.00,62.00,22.00,59,6/20/2023
3,"Zagreb-3, Croatia",3,61.00,61.00,19.00,37,6/21/2023
3,"Zagreb-3, Croatia",3,56.00,56.00,26.00,34,6/22/2023
3,"Zagreb-3, Croatia",3,54.00,54.00,8.00,29,6/23/2023
3,"Zagreb-3, Croatia",3,31.00,31.00,10.00,39,6/24/2023
3,"Zagreb-3, Croatia",3,40.00,40.00,14.00,42,6/25/2023
3,"Zagreb-3, Croatia",3,48.00,48.00,16.00,36,6/26/2023
3,"Zagreb-3, Croatia",3,55.00,55.00,9.00,33,6/27/2023
3,"Zagreb-3, Croatia",3,37.00,37.00,9.00,39,6/28/2023
3,"Zagreb-3, Croatia",3,32.00,32.00,10.00,34,6/29/2023
3,"Zagreb-3, Croatia",3,35.00,35.00,10.00,38,6/30/2023
3,"Zagreb-3, Croatia",3,37.00,37.00,10.00,36,7/1/2023
3,"Zagreb-3, Croatia",3,43.00,43.00,9.00,35,7/2/2023
3,"Zagreb-3, Croatia",3,35.00,35.00,7.00,34,7/3/2023
3,"Zagreb-3, Croatia",3,30.00,30.00,12.00,34,7/4/2023
3,"Zagreb-3, Croatia",3,44.00,44.00,6.00,38,7/5/2023
3,"Zagreb-3, Croatia",3,22.00,22.00,10.00,36,7/6/2023
3,"Zagreb-3, Croatia",3,34.00,34.00,11.00,42,7/7/2023
3,"Zagreb-3, Croatia",3,37.00,37.00,13.00,41,7/8/2023
3,"Zagreb-3, Croatia",3,48.00,48.00,15.00,36,7/9/2023
3,"Zagreb-3, Croatia",3,49.00,49.00,19.00,42,7/10/2023
3,"Zagreb-3, Croatia",3,56.00,56.00,18.00,35,7/11/2023
3,"Zagreb-3, Croatia",3,44.00,44.00,12.00,40,7/12/2023
3,"Zagreb-3, Croatia",3,34.00,34.00,5.00,41,7/13/2023
3,"Zagreb-3, Croatia",3,21.00,21.00,11.00,35,7/14/2023
3,"Zagreb-3, Croatia",3,39.00,39.00,13.00,45,7/15/2023
3,"Zagreb-3, Croatia",3,49.00,49.00,16.00,36,7/16/2023
3,"Zagreb-3, Croatia",3,50.00,50.00,15.00,40,7/17/2023
3,"Zagreb-3, Croatia",3,41.00,41.00,11.00,29,7/18/2023
3,"Zagreb-3, Croatia",3,33.00,33.00,8.00,38,7/20/2023
3,"Zagreb-3, Croatia",3,19.00,19.00,4.00,27,7/26/2023
3,"Zagreb-3, Croatia",3,16.00,16.00,12.00,8,7/27/2023
3,"Zagreb-3, Croatia",3,35.00,35.00,7.00,30,7/30/2023
3,"Zagreb-3, Croatia",3,28.00,28.00,11.00,36,7/31/2023
3,"Zagreb-3, Croatia",3,41.00,41.00,3.00,31,8/1/2023
3,"Zagreb-3, Croatia",3,14.00,14.00,10.00,27,8/2/2023
3,"Zagreb-3, Croatia",3,40.00,40.00,4.00,21,8/3/2023
3,"Zagreb-3, Croatia",3,19.00,19.00,2.00,20,8/4/2023
3,"Zagreb-3, Croatia",3,13.00,13.00,4.00,25,8/7/2023
3,"Zagreb-3, Croatia",3,15.00,15.00,8.00,22,8/8/2023
3,"Zagreb-3, Croatia",3,31.00,31.00,8.00,29,8/9/2023
3,"Zagreb-3, Croatia",3,28.00,28.00,9.00,36,8/10/2023
3,"Zagreb-3, Croatia",3,36.00,36.00,12.00,37,8/11/2023
3,"Zagreb-3, Croatia",3,40.00,40.00,13.00,42,8/12/2023
3,"Zagreb-3, Croatia",3,49.00,49.00,22.00,41,8/13/2023
3,"Zagreb-3, Croatia",3,65.00,65.00,18.00,43,8/14/2023
3,"Zagreb-3, Croatia",3,60.00,60.00,18.00,43,8/15/2023
3,"Zagreb-3, Croatia",3,59.00,59.00,18.00,45,8/16/2023
3,"Zagreb-3, Croatia",3,62.00,62.00,19.00,38,8/17/2023
3,"Zagreb-3, Croatia",3,61.00,61.00,19.00,32,8/18/2023
3,"Zagreb-3, Croatia",3,65.00,65.00,20.00,40,8/19/2023
3,"Zagreb-3, Croatia",3,67.00,67.00,22.00,42,8/20/2023
3,"Zagreb-3, Croatia",3,69.00,69.00,20.00,45,8/21/2023
3,"Zagreb-3, Croatia",3,62.00,62.00,24.00,43,8/22/2023
3,"Zagreb-3, Croatia",3,67.00,67.00,22.00,40,8/23/2023
3,"Zagreb-3, Croatia",3,68.00,68.00,22.00,33,8/24/2023
3,"Zagreb-3, Croatia",3,68.00,68.00,25.00,31,8/25/2023
3,"Zagreb-3, Croatia",3,75.00,75.00,24.00,36,8/26/2023
3,"Zagreb-3, Croatia",3,76.00,76.00,18.00,30,8/27/2023
3,"Zagreb-3, Croatia",3,51.00,51.00,12.00,25,8/28/2023
3,"Zagreb-3, Croatia",3,38.00,38.00,3.00,19,8/29/2023
3,"Zagreb-3, Croatia",3,15.00,15.00,4.00,27,8/30/2023
3,"Zagreb-3, Croatia",3,19.00,19.00,10.00,26,8/31/2023
3,"Zagreb-3, Croatia",3,34.00,34.00,15.00,1,9/1/2023
3,"Zagreb-3, Croatia",3,54.00,54.00,12.00,27,9/2/2023
3,"Zagreb-3, Croatia",3,39.00,39.00,9.00,34,9/3/2023
3,"Zagreb-3, Croatia",3,27.00,27.00,11.00,32,9/4/2023
3,"Zagreb-3, Croatia",3,35.00,35.00,15.00,35,9/5/2023
3,"Zagreb-3, Croatia",3,45.00,45.00,18.00,37,9/6/2023
3,"Zagreb-3, Croatia",3,51.00,51.00,21.00,39,9/7/2023
3,"Zagreb-3, Croatia",3,51.00,51.00,24.00,39,9/8/2023
3,"Zagreb-3, Croatia",3,61.00,61.00,25.00,41,9/9/2023
3,"Zagreb-3, Croatia",3,64.00,64.00,30.00,40,9/10/2023
3,"Zagreb-3, Croatia",3,70.00,70.00,28.00,32,9/11/2023
3,"Zagreb-3, Croatia",3,70.00,70.00,23.00,36,9/12/2023
3,"Zagreb-3, Croatia",3,62.00,62.00,18.00,22,9/13/2023
3,"Zagreb-3, Croatia",3,52.00,52.00,14.00,25,9/14/2023
3,"Zagreb-3, Croatia",3,44.00,44.00,17.00,31,9/15/2023
3,"Zagreb-3, Croatia",3,53.00,53.00,15.00,28,9/16/2023
3,"Zagreb-3, Croatia",3,49.00,49.00,19.00,22,9/17/2023
3,"Zagreb-3, Croatia",3,55.00,55.00,12.00,20,9/18/2023
3,"Zagreb-3, Croatia",3,38.00,38.00,13.00,20,9/19/2023
3,"Zagreb-3, Croatia",3,41.00,41.00,12.00,24,9/20/2023
3,"Zagreb-3, Croatia",3,36.00,36.00,20.00,19,9/21/2023
3,"Zagreb-3, Croatia",3,52.00,52.00,8.00,25,9/22/2023
3,"Zagreb-3, Croatia",3,26.00,26.00,3.00,26,9/23/2023
3,"Zagreb-3, Croatia",3,10.00,10.00,8.00,23,9/24/2023
3,"Zagreb-3, Croatia",3,30.00,30.00,19.00,25,9/25/2023
3,"Zagreb-3, Croatia",3,53.00,53.00,26.00,32,9/26/2023
3,"Zagreb-3, Croatia",3,63.00,63.00,27.00,30,9/27/2023
3,"Zagreb-3, Croatia",3,64.00,64.00,28.00,29,9/28/2023
3,"Zagreb-3, Croatia",3,67.00,67.00,29.00,31,9/29/2023
3,"Zagreb-3, Croatia",3,75.00,75.00,25.00,23,9/30/2023
3,"Zagreb-3, Croatia",3,74.00,74.00,19.00,21,10/1/2023
3,"Zagreb-3, Croatia",3,59.00,59.00,19.00,20,10/2/2023
3,"Zagreb-3, Croatia",3,55.00,55.00,19.00,23,10/3/2023
3,"Zagreb-3, Croatia",3,47.00,47.00,20.00,22,10/4/2023
3,"Zagreb-3, Croatia",3,50.00,50.00,22.00,29,10/5/2023
3,"Zagreb-3, Croatia",3,57.00,57.00,19.00,25,10/6/2023
3,"Zagreb-3, Croatia",3,57.00,57.00,14.00,23,10/7/2023
3,"Zagreb-3, Croatia",3,38.00,38.00,12.00,21,10/8/2023
3,"Zagreb-3, Croatia",3,29.00,29.00,21.00,18,10/9/2023
3,"Zagreb-3, Croatia",3,55.00,55.00,26.00,17,10/10/2023
3,"Zagreb-3, Croatia",3,67.00,67.00,24.00,25,10/11/2023
3,"Zagreb-3, Croatia",3,67.00,67.00,27.00,25,10/12/2023
3,"Zagreb-3, Croatia",3,72.00,72.00,23.00,26,10/13/2023
3,"Zagreb-3, Croatia",3,69.00,69.00,8.00,19,10/14/2023
3,"Zagreb-3, Croatia",3,31.00,31.00,12.00,13,10/15/2023
3,"Zagreb-3, Croatia",3,46.00,46.00,23.00,19,10/16/2023
3,"Zagreb-3, Croatia",3,71.00,71.00,35.00,18,10/17/2023
3,"Zagreb-3, Croatia",3,98.00,98.00,33.00,6,10/18/2023
3,"Zagreb-3, Croatia",3,90.00,90.00,33.00,19,10/19/2023
3,"Zagreb-3, Croatia",3,69.00,69.00,12.00,16,10/20/2023
3,"Zagreb-3, Croatia",3,36.00,36.00,7.00,18,10/21/2023
3,"Zagreb-3, Croatia",3,23.00,23.00,11.00,18,10/22/2023
3,"Zagreb-3, Croatia",3,37.00,37.00,15.00,15,10/23/2023
3,"Zagreb-3, Croatia",3,39.00,39.00,8.00,24,10/24/2023
3,"Zagreb-3, Croatia",3,25.00,25.00,8.00,20,10/25/2023
3,"Zagreb-3, Croatia",3,23.00,23.00,7.00,11,10/26/2023
3,"Zagreb-3, Croatia",3,25.00,25.00,11.00,16,10/27/2023
3,"Zagreb-3, Croatia",3,37.00,37.00,13.00,21,10/28/2023
3,"Zagreb-3, Croatia",3,44.00,44.00,15.00,21,10/29/2023
3,"Zagreb-3, Croatia",3,40.00,40.00,8.00,19,10/30/2023
3,"Zagreb-3, Croatia",3,29.00,29.00,15.00,10,10/31/2023
3,"Zagreb-3, Croatia",3,52.00,52.00,14.00,18,11/1/2023
3,"Zagreb-3, Croatia",3,44.00,44.00,9.00,24,11/2/2023
3,"Zagreb-3, Croatia",3,29.00,29.00,14.00,13,11/3/2023
3,"Zagreb-3, Croatia",3,47.00,47.00,9.00,25,11/4/2023
3,"Zagreb-3, Croatia",3,31.00,31.00,12.00,22,11/5/2023
3,"Zagreb-3, Croatia",3,38.00,38.00,15.00,12,11/6/2023
3,"Zagreb-3, Croatia",3,53.00,53.00,15.00,14,11/7/2023
3,"Zagreb-3, Croatia",3,51.00,51.00,22.00,13,11/8/2023
3,"Zagreb-3, Croatia",3,70.00,70.00,22.00,9,11/9/2023
3,"Zagreb-3, Croatia",3,73.00,73.00,15.00,19,11/10/2023
3,"Zagreb-3, Croatia",3,49.00,49.00,31.00,5,11/11/2023
3,"Zagreb-3, Croatia",3,94.00,94.00,25.00,6,11/12/2023
3,"Zagreb-3, Croatia",3,77.00,77.00,23.00,8,11/13/2023
3,"Zagreb-3, Croatia",3,68.00,68.00,20.00,9,11/14/2023
3,"Zagreb-3, Croatia",3,65.00,65.00,42.00,2,11/15/2023
3,"Zagreb-3, Croatia",3,115.00,115.00,23.00,18,11/16/2023
3,"Zagreb-3, Croatia",3,68.00,68.00,31.00,14,11/17/2023
3,"Zagreb-3, Croatia",3,93.00,93.00,41.00,8,11/18/2023
3,"Zagreb-3, Croatia",3,119.00,119.00,53.00,7,11/19/2023
3,"Zagreb-3, Croatia",3,128.00,128.00,27.00,12,11/20/2023
3,"Zagreb-3, Croatia",3,77.00,77.00,9.00,17,11/21/2023
3,"Zagreb-3, Croatia",3,37.00,37.00,28.00,7,11/22/2023
3,"Zagreb-3, Croatia",3,82.00,82.00,25.00,16,11/23/2023
3,"Zagreb-3, Croatia",3,75.00,75.00,8.00,22,11/24/2023
3,"Zagreb-3, Croatia",3,32.00,32.00,22.00,16,11/25/2023
3,"Zagreb-3, Croatia",3,71.00,71.00,41.00,7,11/26/2023
3,"Zagreb-3, Croatia",3,112.00,112.00,37.00,3,11/27/2023
3,"Zagreb-3, Croatia",3,107.00,107.00,26.00,12,11/28/2023
3,"Zagreb-3, Croatia",3,79.00,79.00,41.00,4,11/29/2023
3,"Zagreb-3, Croatia",3,116.00,116.00,29.00,4,11/30/2023
3,"Zagreb-3, Croatia",3,89.00,89.00,16.00,5,12/1/2023
3,"Zagreb-3, Croatia",3,59.00,59.00,27.00,14,12/2/2023
3,"Zagreb-3, Croatia",3,85.00,85.00,51.00,6,12/3/2023
3,"Zagreb-3, Croatia",3,143.00,143.00,38.00,18,12/4/2023
3,"Zagreb-3, Croatia",3,113.00,113.00,30.00,6,12/5/2023
3,"Zagreb-3, Croatia",3,93.00,93.00,49.00,3,12/6/2023
3,"Zagreb-3, Croatia",3,127.00,127.00,64.00,2,12/7/2023
3,"Zagreb-3, Croatia",3,157.00,157.00,36.00,8,12/8/2023
3,"Zagreb-3, Croatia",3,109.00,109.00,26.00,8,12/9/2023
3,"Zagreb-3, Croatia",3,81.00,81.00,30.00,5,12/10/2023
3,"Zagreb-3, Croatia",3,91.00,91.00,51.00,2,12/11/2023
3,"Zagreb-3, Croatia",3,140.00,140.00,43.00,2,12/12/2023
3,"Zagreb-3, Croatia",3,117.00,117.00,20.00,13,12/13/2023
3,"Zagreb-3, Croatia",3,64.00,64.00,20.00,12,12/14/2023
3,"Zagreb-3, Croatia",3,65.00,65.00,25.00,10,12/15/2023
3,"Zagreb-3, Croatia",3,78.00,78.00,44.00,8,12/16/2023
3,"Zagreb-3, Croatia",3,121.00,121.00,68.00,5,12/17/2023
3,"Zagreb-3, Croatia",3,161.00,161.00,78.00,9,12/18/2023
3,"Zagreb-3, Croatia",3,174.00,174.00,74.00,37,12/19/2023
3,"Zagreb-3, Croatia",3,169.00,169.00,53.00,6,12/20/2023
3,"Zagreb-3, Croatia",3,145.00,145.00,34.00,7,12/21/2023
3,"Zagreb-3, Croatia",3,96.00,96.00,47.00,16,12/22/2023
3,"Zagreb-3, Croatia",3,122.00,122.00,58.00,11,12/23/2023
3,"Zagreb-3, Croatia",3,153.00,153.00,19.00,20,12/24/2023
3,"Zagreb-3, Croatia",3,64.00,64.00,19.00,22,12/25/2023
3,"Zagreb-3, Croatia",3,62.00,62.00,42.00,7,12/26/2023
3,"Zagreb-3, Croatia",3,116.00,116.00,22.00,22,12/27/2023
3,"Zagreb-3, Croatia",3,72.00,72.00,17.00,19,12/28/2023
3,"Zagreb-3, Croatia",3,57.00,57.00,24.00,15,12/29/2023
3,"Zagreb-3, Croatia",3,53.00,53.00,22.00,19,1/1/2024
3,"Zagreb-3, Croatia",3,73.00,73.00,11.00,21,1/2/2024
3,"Zagreb-3, Croatia",3,35.00,35.00,19.00,18,1/3/2024
3,"Zagreb-3, Croatia",3,61.00,61.00,46.00,5,1/4/2024
3,"Zagreb-3, Croatia",3,126.00,126.00,28.00,14,1/5/2024
3,"Zagreb-3, Croatia",3,86.00,86.00,7.00,20,1/6/2024
3,"Zagreb-3, Croatia",3,30.00,30.00,18.00,22,1/7/2024
3,"Zagreb-3, Croatia",3,65.00,65.00,27.00,15,1/8/2024
3,"Zagreb-3, Croatia",3,84.00,84.00,44.00,11,1/9/2024
3,"Zagreb-3, Croatia",3,120.00,120.00,60.00,12,1/10/2024
3,"Zagreb-3, Croatia",3,151.00,151.00,51.00,6,1/11/2024
3,"Zagreb-3, Croatia",3,138.00,138.00,47.00,14,1/12/2024
3,"Zagreb-3, Croatia",3,126.00,126.00,61.00,9,1/13/2024
3,"Zagreb-3, Croatia",3,158.00,158.00,47.00,19,1/14/2024
3,"Zagreb-3, Croatia",3,127.00,127.00,21.00,14,1/15/2024
3,"Zagreb-3, Croatia",3,69.00,69.00,34.00,10,1/16/2024
3,"Zagreb-3, Croatia",3,103.00,103.00,17.00,16,1/17/2024
3,"Zagreb-3, Croatia",3,59.00,59.00,18.00,19,1/18/2024
3,"Zagreb-3, Croatia",3,62.00,62.00,50.00,11,1/19/2024
3,"Zagreb-3, Croatia",3,139.00,139.00,47.00,19,1/20/2024
3,"Zagreb-3, Croatia",3,132.00,132.00,63.00,10,1/21/2024
3,"Zagreb-3, Croatia",3,160.00,160.00,39.00,16,1/22/2024
3,"Zagreb-3, Croatia",3,111.00,111.00,45.00,24,1/23/2024
3,"Zagreb-3, Croatia",3,124.00,124.00,35.00,16,1/24/2024
3,"Zagreb-3, Croatia",3,100.00,100.00,35.00,17,1/25/2024
3,"Zagreb-3, Croatia",3,90.00,90.00,36.00,21,1/26/2024
3,"Zagreb-3, Croatia",3,95.00,95.00,49.00,19,1/27/2024
3,"Zagreb-3, Croatia",3,130.00,130.00,62.00,12,1/28/2024
3,"Zagreb-3, Croatia",3,154.00,154.00,60.00,14,1/29/2024
3,"Zagreb-3, Croatia",3,152.00,152.00,69.00,10,1/30/2024
3,"Zagreb-3, Croatia",3,167.00,167.00,69.00,9,1/31/2024
3,"Zagreb-3, Croatia",3,164.00,164.00,54.00,15,2/1/2024
3,"Zagreb-3, Croatia",3,132.00,132.00,50.00,13,2/2/2024
3,"Zagreb-3, Croatia",3,127.00,127.00,61.00,12,2/3/2024
3,"Zagreb-3, Croatia",3,154.00,154.00,33.00,23,2/4/2024
3,"Zagreb-3, Croatia",3,92.00,92.00,24.00,24,2/5/2024
3,"Zagreb-3, Croatia",3,76.00,76.00,21.00,24,2/6/2024
3,"Zagreb-3, Croatia",3,66.00,66.00,17.00,27,2/7/2024
3,"Zagreb-3, Croatia",3,56.00,56.00,15.00,30,2/8/2024
3,"Zagreb-3, Croatia",3,49.00,49.00,24.00,25,2/9/2024
3,"Zagreb-3, Croatia",3,67.00,67.00,13.00,15,2/10/2024
3,"Zagreb-3, Croatia",3,51.00,51.00,12.00,18,2/11/2024
3,"Zagreb-3, Croatia",3,39.00,39.00,27.00,14,2/12/2024
3,"Zagreb-3, Croatia",3,74.00,74.00,34.00,18,2/13/2024
3,"Zagreb-3, Croatia",3,92.00,92.00,39.00,17,2/14/2024
3,"Zagreb-3, Croatia",3,103.00,103.00,29.00,22,2/15/2024
3,"Zagreb-3, Croatia",3,84.00,84.00,45.00,19,2/16/2024
3,"Zagreb-3, Croatia",3,122.00,122.00,27.00,21,2/17/2024
3,"Zagreb-3, Croatia",3,84.00,84.00,47.00,4,2/18/2024
3,"Zagreb-3, Croatia",3,130.00,130.00,39.00,21,2/19/2024
3,"Zagreb-3, Croatia",3,108.00,108.00,24.00,26,2/20/2024
3,"Zagreb-3, Croatia",3,70.00,70.00,14.00,32,2/21/2024
3,"Zagreb-3, Croatia",3,48.00,48.00,8.00,34,2/22/2024
3,"Zagreb-3, Croatia",3,28.00,28.00,8.00,29,2/23/2024
3,"Zagreb-3, Croatia",3,29.00,28.00,29.00,21,2/24/2024
3,"Zagreb-3, Croatia",3,87.00,87.00,28.00,23,2/25/2024
3,"Zagreb-3, Croatia",3,82.00,82.00,42.00,3,2/26/2024
3,"Zagreb-3, Croatia",3,116.00,116.00,41.00,3,2/27/2024
3,"Zagreb-3, Croatia",3,118.00,118.00,44.00,10,2/28/2024
3,"Zagreb-3, Croatia",3,122.00,122.00,45.00,12,2/29/2024
3,"Zagreb-3, Croatia",3,129.00,129.00,35.00,18,3/1/2024
3,"Zagreb-3, Croatia",3,106.00,106.00,23.00,29,3/2/2024
3,"Zagreb-3, Croatia",3,69.00,69.00,36.00,18,3/3/2024
3,"Zagreb-3, Croatia",3,93.00,93.00,34.00,25,3/4/2024
3,"Zagreb-3, Croatia",3,92.00,92.00,26.00,25,3/5/2024
3,"Zagreb-3, Croatia",3,78.00,78.00,23.00,21,3/6/2024
3,"Zagreb-3, Croatia",3,74.00,74.00,36.00,9,3/7/2024
3,"Zagreb-3, Croatia",3,105.00,105.00,43.00,9,3/8/2024
3,"Zagreb-3, Croatia",3,126.00,126.00,41.00,21,3/9/2024
3,"Zagreb-3, Croatia",3,120.00,120.00,7.00,19,3/10/2024
3,"Zagreb-3, Croatia",3,37.00,37.00,16.00,19,3/11/2024
3,"Zagreb-3, Croatia",3,52.00,52.00,28.00,22,3/12/2024
3,"Zagreb-3, Croatia",3,78.00,78.00,22.00,24,3/13/2024
3,"Zagreb-3, Croatia",3,84.00,84.00,18.00,33,3/14/2024
3,"Zagreb-3, Croatia",3,70.00,70.00,25.00,26,3/15/2024
3,"Zagreb-3, Croatia",3,90.00,90.00,20.00,27,3/16/2024
3,"Zagreb-3, Croatia",3,74.00,74.00,9.00,29,3/17/2024
3,"Zagreb-3, Croatia",3,45.00,45.00,17.00,25,3/18/2024
3,"Zagreb-3, Croatia",3,70.00,70.00,30.00,30,3/19/2024
3,"Zagreb-3, Croatia",3,104.00,104.00,26.00,27,3/20/2024
3,"Zagreb-3, Croatia",3,94.00,94.00,10.00,30,3/21/2024
3,"Zagreb-3, Croatia",3,47.00,47.00,15.00,39,3/22/2024
3,"Zagreb-3, Croatia",3,60.00,60.00,4.00,32,3/23/2024
3,"Zagreb-3, Croatia",3,19.00,19.00,9.00,30,3/24/2024
3,"Zagreb-3, Croatia",3,42.00,42.00,16.00,26,3/25/2024
3,"Zagreb-3, Croatia",3,64.00,64.00,20.00,25,3/26/2024
3,"Zagreb-3, Croatia",3,76.00,76.00,2.00,30,3/27/2024
3,"Zagreb-3, Croatia",3,15.00,15.00,7.00,29,3/28/2024
3,"Zagreb-3, Croatia",3,39.00,39.00,14.00,28,3/29/2024
3,"Zagreb-3, Croatia",3,63.00,63.00,27.00,31,3/30/2024
3,"Zagreb-3, Croatia",3,99.00,99.00,34.00,35,3/31/2024
3,"Zagreb-3, Croatia",3,111.00,111.00,2.00,27,4/1/2024
3,"Zagreb-3, Croatia",3,14.00,14.00,6.00,31,4/2/2024
3,"Zagreb-3, Croatia",3,31.00,31.00,4.00,33,4/3/2024
3,"Zagreb-3, Croatia",3,21.00,21.00,6.00,35,4/4/2024
3,"Zagreb-3, Croatia",3,32.00,32.00,8.00,37,4/5/2024
3,"Zagreb-3, Croatia",3,41.00,41.00,10.00,36,4/6/2024
3,"Zagreb-3, Croatia",3,49.00,49.00,15.00,30,4/7/2024
3,"Zagreb-3, Croatia",3,64.00,64.00,8.00,32,4/8/2024
3,"Zagreb-3, Croatia",3,16.00,16.00,6.00,18,4/17/2024
3,"Zagreb-3, Croatia",3,32.00,32.00,9.00,31,4/18/2024
3,"Zagreb-3, Croatia",3,45.00,45.00,13.00,31,4/19/2024
3,"Zagreb-3, Croatia",3,51.00,51.00,5.00,33,4/20/2024
3,"Zagreb-3, Croatia",3,25.00,25.00,11.00,29,4/21/2024
3,"Zagreb-3, Croatia",3,54.00,54.00,13.00,23,4/22/2024
3,"Zagreb-3, Croatia",3,60.00,60.00,9.00,13,4/23/2024
3,"Zagreb-3, Croatia",3,45.00,45.00,19.00,23,4/24/2024
3,"Zagreb-3, Croatia",3,75.00,75.00,12.00,29,4/25/2024
3,"Zagreb-3, Croatia",3,51.00,51.00,8.00,35,4/26/2024
3,"Zagreb-3, Croatia",3,39.00,39.00,12.00,32,4/27/2024
3,"Zagreb-3, Croatia",3,54.00,54.00,13.00,40,4/28/2024
3,"Zagreb-3, Croatia",3,56.00,56.00,9.00,41,4/29/2024
3,"Zagreb-3, Croatia",3,46.00,46.00,12.00,29,4/30/2024
3,"Zagreb-3, Croatia",3,56.00,56.00,8.00,31,5/1/2024
3,"Zagreb-3, Croatia",3,38.00,38.00,3.00,24,5/2/2024
3,"Zagreb-3, Croatia",3,19.00,19.00,9.00,29,5/3/2024
3,"Zagreb-3, Croatia",3,44.00,44.00,11.00,34,5/4/2024
3,"Zagreb-3, Croatia",3,50.00,50.00,4.00,35,5/5/2024
3,"Zagreb-3, Croatia",3,21.00,21.00,6.00,31,5/6/2024
3,"Zagreb-3, Croatia",3,34.00,34.00,11.00,30,5/7/2024
3,"Zagreb-3, Croatia",3,52.00,52.00,10.00,37,5/8/2024
3,"Zagreb-3, Croatia",3,49.00,49.00,8.00,41,5/9/2024
3,"Zagreb-3, Croatia",3,41.00,41.00,10.00,47,5/10/2024
3,"Zagreb-3, Croatia",3,48.00,48.00,11.00,39,5/11/2024
3,"Zagreb-3, Croatia",3,53.00,53.00,12.00,34,5/12/2024
3,"Zagreb-3, Croatia",3,55.00,55.00,10.00,31,5/13/2024
3,"Zagreb-3, Croatia",3,46.00,46.00,17.00,32,5/14/2024
3,"Zagreb-3, Croatia",3,70.00,70.00,13.00,26,5/15/2024
3,"Zagreb-3, Croatia",3,59.00,59.00,11.00,31,5/16/2024
3,"Zagreb-3, Croatia",3,49.00,49.00,6.00,34,5/17/2024
3,"Zagreb-3, Croatia",3,30.00,30.00,10.00,35,5/18/2024
3,"Zagreb-3, Croatia",3,49.00,49.00,25.00,28,5/19/2024
3,"Zagreb-3, Croatia",3,93.00,93.00,22.00,15,5/20/2024
3,"Zagreb-3, Croatia",3,81.00,81.00,6.00,26,5/21/2024
3,"Zagreb-3, Croatia",3,33.00,33.00,9.00,31,5/22/2024
3,"Zagreb-3, Croatia",3,40.00,40.00,7.00,32,5/23/2024
3,"Zagreb-3, Croatia",3,36.00,36.00,11.00,41,5/24/2024
3,"Zagreb-3, Croatia",3,52.00,52.00,11.00,36,5/25/2024
3,"Zagreb-3, Croatia",3,53.00,53.00,13.00,41,5/26/2024
3,"Zagreb-3, Croatia",3,58.00,58.00,14.00,24,5/27/2024
3,"Zagreb-3, Croatia",3,62.00,62.00,5.00,32,5/28/2024
3,"Zagreb-3, Croatia",3,27.00,27.00,6.00,33,5/29/2024
3,"Zagreb-3, Croatia",3,34.00,34.00,8.00,24,5/30/2024
3,"Zagreb-3, Croatia",3,39.00,39.00,5.00,30,5/31/2024
3,"Zagreb-3, Croatia",3,27.00,27.00,5.00,34,6/1/2024
3,"Zagreb-3, Croatia",3,31.00,31.00,6.00,22,6/2/2024
3,"Zagreb-3, Croatia",3,32.00,32.00,6.00,25,6/3/2024
3,"Zagreb-3, Croatia",3,28.00,28.00,10.00,32,6/4/2024
3,"Zagreb-3, Croatia",3,45.00,45.00,18.00,39,6/5/2024
3,"Zagreb-3, Croatia",3,59.00,59.00,23.00,40,6/6/2024
3,"Zagreb-3, Croatia",3,60.00,60.00,27.00,36,6/7/2024
3,"Zagreb-3, Croatia",3,77.00,77.00,31.00,35,6/8/2024
3,"Zagreb-3, Croatia",3,79.00,79.00,22.00,27,6/9/2024
3,"Zagreb-3, Croatia",3,60.00,60.00,11.00,31,6/10/2024
3,"Zagreb-3, Croatia",3,37.00,37.00,7.00,25,6/11/2024
3,"Zagreb-3, Croatia",3,19.00,19.00,14.00,17,6/12/2024
3,"Zagreb-3, Croatia",3,44.00,44.00,15.00,26,6/13/2024
3,"Zagreb-3, Croatia",3,49.00,49.00,14.00,35,6/14/2024
3,"Zagreb-3, Croatia",3,44.00,44.00,10.00,37,6/15/2024
3,"Zagreb-3, Croatia",3,31.00,31.00,14.00,40,6/16/2024
3,"Zagreb-3, Croatia",3,41.00,41.00,20.00,35,6/17/2024
3,"Zagreb-3, Croatia",3,56.00,56.00,21.00,33,6/18/2024
3,"Zagreb-3, Croatia",3,46.00,46.00,22.00,35,6/19/2024
3,"Zagreb-3, Croatia",3,50.00,50.00,45.00,22,6/20/2024
3,"Zagreb-3, Croatia",3,91.00,91.00,35.00,27,6/21/2024
3,"Zagreb-3, Croatia",3,68.00,68.00,11.00,38,6/22/2024
3,"Zagreb-3, Croatia",3,22.00,22.00,14.00,34,6/23/2024
3,"Zagreb-3, Croatia",3,40.00,40.00,18.00,29,6/24/2024
3,"Zagreb-3, Croatia",3,54.00,54.00,25.00,22,6/25/2024
3,"Zagreb-3, Croatia",3,72.00,72.00,16.00,33,6/26/2024
3,"Zagreb-3, Croatia",3,50.00,50.00,17.00,40,6/27/2024
3,"Zagreb-3, Croatia",3,50.00,50.00,16.00,36,6/28/2024
3,"Zagreb-3, Croatia",3,50.00,50.00,17.00,31,6/29/2024
3,"Zagreb-3, Croatia",3,51.00,51.00,13.00,35,6/30/2024
3,"Zagreb-3, Croatia",3,35.00,35.00,7.00,28,7/1/2024
3,"Zagreb-3, Croatia",3,23.00,23.00,12.00,31,7/2/2024
3,"Zagreb-3, Croatia",3,35.00,35.00,13.00,29,7/3/2024
3,"Zagreb-3, Croatia",3,41.00,41.00,11.00,28,7/4/2024
3,"Zagreb-3, Croatia",3,34.00,34.00,12.00,33,7/5/2024
3,"Zagreb-3, Croatia",3,37.00,37.00,14.00,38,7/6/2024
3,"Zagreb-3, Croatia",3,45.00,45.00,20.00,39,7/7/2024
3,"Zagreb-3, Croatia",3,58.00,58.00,22.00,41,7/8/2024
3,"Zagreb-3, Croatia",3,56.00,56.00,29.00,51,7/9/2024
3,"Zagreb-3, Croatia",3,61.00,61.00,29.00,49,7/10/2024
3,"Zagreb-3, Croatia",3,69.00,69.00,27.00,40,7/11/2024
3,"Zagreb-3, Croatia",3,64.00,64.00,21.00,40,7/12/2024
3,"Zagreb-3, Croatia",3,53.00,53.00,16.00,40,7/13/2024
3,"Zagreb-3, Croatia",3,46.00,46.00,18.00,56,7/14/2024
3,"Zagreb-3, Croatia",3,47.00,47.00,22.00,52,7/15/2024
3,"Zagreb-3, Croatia",3,54.00,54.00,14.00,39,7/16/2024
3,"Zagreb-3, Croatia",3,32.00,32.00,12.00,43,7/17/2024
3,"Zagreb-3, Croatia",3,28.00,28.00,17.00,45,7/18/2024
3,"Zagreb-3, Croatia",3,47.00,47.00,13.00,34,7/19/2024
3,"Zagreb-3, Croatia",3,49.00,49.00,14.00,42,7/20/2024
3,"Zagreb-3, Croatia",3,49.00,49.00,21.00,36,7/21/2024
3,"Zagreb-3, Croatia",3,59.00,59.00,14.00,37,7/22/2024
3,"Zagreb-3, Croatia",3,42.00,42.00,12.00,34,7/23/2024
3,"Zagreb-3, Croatia",3,35.00,35.00,13.00,35,7/24/2024
3,"Zagreb-3, Croatia",3,38.00,38.00,16.00,34,7/25/2024
3,"Zagreb-3, Croatia",3,42.00,42.00,17.00,43,7/26/2024
3,"Zagreb-3, Croatia",3,44.00,44.00,17.00,44,7/27/2024
3,"Zagreb-3, Croatia",3,50.00,50.00,11.00,38,7/28/2024
3,"Zagreb-3, Croatia",3,32.00,32.00,15.00,41,7/29/2024
3,"Zagreb-3, Croatia",3,41.00,41.00,17.00,38,7/30/2024
3,"Zagreb-3, Croatia",3,41.00,41.00,21.00,40,7/31/2024
3,"Zagreb-3, Croatia",3,54.00,54.00,12.00,46,8/1/2024
3,"Zagreb-3, Croatia",3,30.00,30.00,10.00,39,8/2/2024
3,"Zagreb-3, Croatia",3,34.00,34.00,15.00,41,8/3/2024
3,"Zagreb-3, Croatia",3,48.00,48.00,15.00,35,8/4/2024
3,"Zagreb-3, Croatia",3,47.00,47.00,13.00,37,8/5/2024
3,"Zagreb-3, Croatia",3,36.00,36.00,20.00,41,8/6/2024
3,"Zagreb-3, Croatia",3,49.00,49.00,9.00,44,8/7/2024
3,"Zagreb-3, Croatia",3,29.00,29.00,10.00,41,8/8/2024
3,"Zagreb-3, Croatia",3,29.00,29.00,12.00,41,8/9/2024
3,"Zagreb-3, Croatia",3,36.00,36.00,12.00,44,8/10/2024
3,"Zagreb-3, Croatia",3,38.00,38.00,17.00,41,8/11/2024
3,"Zagreb-3, Croatia",3,44.00,44.00,21.00,52,8/12/2024
3,"Zagreb-3, Croatia",3,52.00,52.00,22.00,41,8/13/2024
3,"Zagreb-3, Croatia",3,59.00,59.00,19.00,52,8/14/2024
3,"Zagreb-3, Croatia",3,60.00,60.00,24.00,50,8/15/2024
3,"Zagreb-3, Croatia",3,61.00,61.00,24.00,43,8/16/2024
3,"Zagreb-3, Croatia",3,61.00,61.00,24.00,40,8/17/2024
3,"Zagreb-3, Croatia",3,61.00,61.00,14.00,37,8/18/2024
3,"Zagreb-3, Croatia",3,40.00,40.00,17.00,31,8/19/2024
3,"Zagreb-3, Croatia",3,53.00,53.00,27.00,34,8/20/2024
3,"Zagreb-3, Croatia",3,72.00,72.00,16.00,39,8/21/2024
3,"Zagreb-3, Croatia",3,46.00,46.00,23.00,43,8/22/2024
3,"Zagreb-3, Croatia",3,58.00,58.00,23.00,40,8/23/2024
3,"Zagreb-3, Croatia",3,61.00,61.00,18.00,44,8/24/2024
3,"Zagreb-3, Croatia",3,54.00,54.00,15.00,40,8/25/2024
3,"Zagreb-3, Croatia",3,39.00,39.00,14.00,41,8/26/2024
3,"Zagreb-3, Croatia",3,41.00,41.00,26.00,47,8/27/2024
3,"Zagreb-3, Croatia",3,61.00,61.00,29.00,48,8/28/2024
3,"Zagreb-3, Croatia",3,68.00,68.00,31.00,45,8/29/2024
3,"Zagreb-3, Croatia",3,67.00,67.00,32.00,50,8/30/2024
3,"Zagreb-3, Croatia",3,68.00,68.00,27.00,54,8/31/2024
3,"Zagreb-3, Croatia",3,64.00,64.00,40.00,45,9/1/2024
3,"Zagreb-3, Croatia",3,74.00,74.00,41.00,48,9/2/2024
3,"Zagreb-3, Croatia",3,50.00,50.00,13.00,22,9/8/2024
3,"Zagreb-3, Croatia",3,41.00,41.00,8.00,26,9/9/2024
3,"Zagreb-3, Croatia",3,22.00,22.00,12.00,29,9/10/2024
3,"Zagreb-3, Croatia",3,32.00,32.00,8.00,21,9/11/2024
3,"Zagreb-3, Croatia",3,29.00,29.00,2.00,18,9/12/2024
3,"Zagreb-3, Croatia",3,8.00,8.00,4.00,13,9/13/2024
3,"Zagreb-3, Croatia",3,15.00,15.00,4.00,22,9/14/2024
3,"Zagreb-3, Croatia",3,15.00,15.00,6.00,14,9/15/2024
3,"Zagreb-3, Croatia",3,20.00,20.00,7.00,13,9/16/2024
3,"Zagreb-3, Croatia",3,31.00,31.00,21.00,24,9/17/2024
3,"Zagreb-3, Croatia",3,62.00,62.00,25.00,35,9/18/2024
3,"Zagreb-3, Croatia",3,65.00,65.00,20.00,29,9/19/2024
3,"Zagreb-3, Croatia",3,54.00,54.00,23.00,36,9/20/2024
3,"Zagreb-3, Croatia",3,59.00,59.00,27.00,38,9/21/2024
3,"Zagreb-3, Croatia",3,68.00,68.00,27.00,24,9/22/2024
3,"Zagreb-3, Croatia",3,71.00,71.00,16.00,23,9/23/2024
3,"Zagreb-3, Croatia",3,47.00,47.00,11.00,25,9/24/2024
3,"Zagreb-3, Croatia",3,38.00,38.00,14.00,31,9/25/2024
3,"Zagreb-3, Croatia",3,44.00,44.00,18.00,30,9/26/2024
3,"Zagreb-3, Croatia",3,46.00,46.00,7.00,25,9/27/2024
3,"Zagreb-3, Croatia",3,25.00,25.00,7.00,29,9/28/2024
3,"Zagreb-3, Croatia",3,22.00,22.00,13.00,22,9/29/2024
3,"Zagreb-3, Croatia",3,43.00,43.00,20.00,19,9/30/2024
3,"Zagreb-3, Croatia",3,59.00,59.00,23.00,11,10/1/2024
3,"Zagreb-3, Croatia",3,70.00,70.00,6.00,17,10/2/2024
3,"Zagreb-3, Croatia",3,24.00,24.00,7.00,17,10/3/2024
3,"Zagreb-3, Croatia",3,24.00,24.00,14.00,10,10/4/2024
3,"Zagreb-3, Croatia",3,51.00,51.00,13.00,14,10/5/2024
3,"Zagreb-3, Croatia",3,48.00,48.00,11.00,22,10/6/2024
3,"Zagreb-3, Croatia",3,37.00,37.00,10.00,20,10/7/2024
3,"Zagreb-3, Croatia",3,28.00,28.00,8.00,22,10/8/2024
3,"Zagreb-3, Croatia",3,24.00,24.00,7.00,28,10/9/2024
3,"Zagreb-3, Croatia",3,22.00,22.00,8.00,17,10/10/2024
3,"Zagreb-3, Croatia",3,24.00,24.00,9.00,25,10/11/2024
3,"Zagreb-3, Croatia",3,27.00,27.00,16.00,20,10/12/2024
3,"Zagreb-3, Croatia",3,51.00,51.00,16.00,19,10/13/2024
3,"Zagreb-3, Croatia",3,44.00,44.00,20.00,28,10/14/2024
3,"Zagreb-3, Croatia",3,57.00,57.00,17.00,19,10/15/2024
3,"Zagreb-3, Croatia",3,49.00,49.00,26.00,11,10/16/2024
3,"Zagreb-3, Croatia",3,79.00,79.00,40.00,9,10/17/2024
3,"Zagreb-3, Croatia",3,101.00,101.00,29.00,19,10/18/2024
3,"Zagreb-3, Croatia",3,73.00,73.00,27.00,24,10/19/2024
3,"Zagreb-3, Croatia",3,71.00,71.00,40.00,12,10/20/2024
3,"Zagreb-3, Croatia",3,105.00,105.00,46.00,7,10/21/2024
3,"Zagreb-3, Croatia",3,122.00,122.00,48.00,21,10/22/2024
3,"Zagreb-3, Croatia",3,121.00,121.00,37.00,16,10/23/2024
3,"Zagreb-3, Croatia",3,95.00,95.00,36.00,8,10/24/2024
3,"Zagreb-3, Croatia",3,94.00,94.00,29.00,6,10/25/2024
3,"Zagreb-3, Croatia",3,82.00,82.00,27.00,13,10/26/2024
3,"Zagreb-3, Croatia",3,76.00,76.00,36.00,6,10/27/2024
3,"Zagreb-3, Croatia",3,89.00,89.00,38.00,10,10/28/2024
3,"Zagreb-3, Croatia",3,98.00,98.00,38.00,5,10/29/2024
3,"Zagreb-3, Croatia",3,104.00,104.00,39.00,3,10/30/2024
3,"Zagreb-3, Croatia",3,108.00,108.00,19.00,7,10/31/2024
3,"Zagreb-3, Croatia",3,67.00,67.00,25.00,5,11/1/2024
3,"Zagreb-3, Croatia",3,80.00,80.00,24.00,20,11/2/2024
3,"Zagreb-3, Croatia",3,76.00,76.00,49.00,5,11/3/2024
3,"Zagreb-3, Croatia",3,120.00,120.00,55.00,11,11/4/2024
3,"Zagreb-3, Croatia",3,134.00,134.00,58.00,7,11/5/2024
3,"Zagreb-3, Croatia",3,149.00,149.00,62.00,2,11/6/2024
3,"Zagreb-3, Croatia",3,158.00,158.00,49.00,10,11/7/2024
3,"Zagreb-3, Croatia",3,135.00,135.00,57.00,16,11/8/2024
3,"Zagreb-3, Croatia",3,152.00,152.00,40.00,21,11/9/2024
3,"Zagreb-3, Croatia",3,116.00,116.00,48.00,19,11/10/2024
3,"Zagreb-3, Croatia",3,129.00,129.00,42.00,14,11/11/2024
3,"Zagreb-3, Croatia",3,112.00,112.00,30.00,19,11/12/2024
3,"Zagreb-3, Croatia",3,82.00,82.00,29.00,17,11/13/2024
3,"Zagreb-3, Croatia",3,72.00,72.00,41.00,10,11/14/2024
3,"Zagreb-3, Croatia",3,105.00,105.00,47.00,14,11/15/2024
3,"Zagreb-3, Croatia",3,128.00,128.00,53.00,9,11/16/2024
3,"Zagreb-3, Croatia",3,148.00,148.00,38.00,8,11/17/2024
3,"Zagreb-3, Croatia",3,112.00,112.00,50.00,2,11/18/2024
3,"Zagreb-3, Croatia",3,138.00,138.00,28.00,16,11/19/2024
3,"Zagreb-3, Croatia",3,80.00,80.00,26.00,11,11/20/2024
3,"Zagreb-3, Croatia",3,75.00,75.00,12.00,14,11/21/2024
3,"Zagreb-3, Croatia",3,49.00,49.00,23.00,14,11/22/2024
3,"Zagreb-3, Croatia",3,76.00,76.00,18.00,22,11/23/2024
3,"Zagreb-3, Croatia",3,64.00,64.00,13.00,25,11/24/2024
3,"Zagreb-3, Croatia",3,45.00,45.00,14.00,23,11/25/2024
3,"Zagreb-3, Croatia",3,44.00,44.00,17.00,16,11/26/2024
3,"Zagreb-3, Croatia",3,64.00,64.00,24.00,19,11/27/2024
3,"Zagreb-3, Croatia",3,77.00,77.00,22.00,17,11/28/2024
3,"Zagreb-3, Croatia",3,68.00,68.00,13.00,16,11/29/2024
3,"Zagreb-3, Croatia",3,49.00,49.00,23.00,15,11/30/2024
3,"Zagreb-3, Croatia",3,73.00,73.00,48.00,7,12/1/2024
3,"Zagreb-3, Croatia",3,115.00,115.00,55.00,7,12/2/2024
3,"Zagreb-3, Croatia",3,132.00,132.00,51.00,10,12/3/2024
3,"Zagreb-3, Croatia",3,132.00,132.00,38.00,11,12/4/2024
3,"Zagreb-3, Croatia",3,120.00,120.00,44.00,5,12/4/2024
3,"Zagreb-3, Croatia",3,118.00,118.00,42.00,5,12/4/2024
3,"Zagreb-3, Croatia",3,136.00,136.00,60.00,5.5,12/4/2024
3,"Zagreb-3, Croatia",3,145.00,145.00,63.00,6.6,12/4/2024
3,"Zagreb-3, Croatia",3,145.00,145.00,63.00,6.1,12/4/2024
3,"Zagreb-3, Croatia",3,85.00,85.00,46.00,2,12/5/2024
3,"Zagreb-3, Croatia",3,72.00,72.00,46.00,6.1,12/5/2024
3,"Zagreb-3, Croatia",3,152.00,152.00,54.00,2.7,12/6/2024
3,"Zagreb-3, Croatia",3,144.00,144.00,51.00,2.7,12/6/2024
